--
-- PostgreSQL database dump
--

-- Dumped from database version 13.8
-- Dumped by pg_dump version 14.5

-- Started on 2022-10-03 18:22:05

SET statement_timeout = 0;
SET lock_timeout = 0;
SET idle_in_transaction_session_timeout = 0;
SET client_encoding = 'UTF8';
SET standard_conforming_strings = on;
SELECT pg_catalog.set_config('search_path', '', false);
SET check_function_bodies = false;
SET xmloption = content;
SET client_min_messages = warning;
SET row_security = off;

--
-- TOC entry 5 (class 2615 OID 24726)
-- Name: public; Type: SCHEMA; Schema: -; Owner: postgres
--

CREATE SCHEMA public;


ALTER SCHEMA public OWNER TO postgres;

--
-- TOC entry 633 (class 1247 OID 24743)
-- Name: Role; Type: TYPE; Schema: public; Owner: postgres
--

CREATE TYPE public."Role" AS ENUM (
    'USER',
    'ADMIN'
);


ALTER TYPE public."Role" OWNER TO postgres;

SET default_tablespace = '';

SET default_table_access_method = heap;

--
-- TOC entry 200 (class 1259 OID 24727)
-- Name: _prisma_migrations; Type: TABLE; Schema: public; Owner: postgres
--

CREATE TABLE public._prisma_migrations (
    id character varying(36) NOT NULL,
    checksum character varying(64) NOT NULL,
    finished_at timestamp with time zone,
    migration_name character varying(255) NOT NULL,
    logs text,
    rolled_back_at timestamp with time zone,
    started_at timestamp with time zone DEFAULT now() NOT NULL,
    applied_steps_count integer DEFAULT 0 NOT NULL
);


ALTER TABLE public._prisma_migrations OWNER TO postgres;

--
-- TOC entry 206 (class 1259 OID 45217)
-- Name: dataScraps; Type: TABLE; Schema: public; Owner: postgres
--

CREATE TABLE public."dataScraps" (
    id text NOT NULL,
    "fundId" text NOT NULL,
    data text NOT NULL,
    "createdAt" timestamp(3) without time zone DEFAULT CURRENT_TIMESTAMP NOT NULL,
    "updatedAt" timestamp(3) without time zone NOT NULL
);


ALTER TABLE public."dataScraps" OWNER TO postgres;

--
-- TOC entry 203 (class 1259 OID 24766)
-- Name: funds; Type: TABLE; Schema: public; Owner: postgres
--

CREATE TABLE public.funds (
    id text NOT NULL,
    ticker text NOT NULL,
    name text NOT NULL,
    description text,
    type text NOT NULL,
    segment text NOT NULL,
    mandate text NOT NULL,
    "createdAt" timestamp(3) without time zone DEFAULT CURRENT_TIMESTAMP NOT NULL,
    "updatedAt" timestamp(3) without time zone NOT NULL
);


ALTER TABLE public.funds OWNER TO postgres;

--
-- TOC entry 205 (class 1259 OID 42558)
-- Name: radars; Type: TABLE; Schema: public; Owner: postgres
--

CREATE TABLE public.radars (
    id text NOT NULL,
    "fundId" text NOT NULL,
    "userId" text NOT NULL,
    "createdAt" timestamp(3) without time zone DEFAULT CURRENT_TIMESTAMP NOT NULL,
    "updatedAt" timestamp(3) without time zone NOT NULL
);


ALTER TABLE public.radars OWNER TO postgres;

--
-- TOC entry 204 (class 1259 OID 24775)
-- Name: transactions; Type: TABLE; Schema: public; Owner: postgres
--

CREATE TABLE public.transactions (
    id text NOT NULL,
    quotas integer NOT NULL,
    "purchaseAt" timestamp(3) without time zone NOT NULL,
    "saleAt" timestamp(3) without time zone,
    "createdAt" timestamp(3) without time zone DEFAULT CURRENT_TIMESTAMP NOT NULL,
    "updatedAt" timestamp(3) without time zone NOT NULL,
    "fundId" text NOT NULL,
    "walletId" text NOT NULL,
    price double precision NOT NULL
);


ALTER TABLE public.transactions OWNER TO postgres;

--
-- TOC entry 201 (class 1259 OID 24747)
-- Name: users; Type: TABLE; Schema: public; Owner: postgres
--

CREATE TABLE public.users (
    id text NOT NULL,
    name text NOT NULL,
    email text NOT NULL,
    role public."Role" DEFAULT 'USER'::public."Role" NOT NULL,
    "createdAt" timestamp(3) without time zone DEFAULT CURRENT_TIMESTAMP NOT NULL,
    "updatedAt" timestamp(3) without time zone NOT NULL,
    password text NOT NULL
);


ALTER TABLE public.users OWNER TO postgres;

--
-- TOC entry 202 (class 1259 OID 24757)
-- Name: wallets; Type: TABLE; Schema: public; Owner: postgres
--

CREATE TABLE public.wallets (
    id text NOT NULL,
    name text NOT NULL,
    description text,
    "createdAt" timestamp(3) without time zone DEFAULT CURRENT_TIMESTAMP NOT NULL,
    "updatedAt" timestamp(3) without time zone NOT NULL,
    "userId" text NOT NULL
);


ALTER TABLE public.wallets OWNER TO postgres;

--
-- TOC entry 3044 (class 0 OID 24727)
-- Dependencies: 200
-- Data for Name: _prisma_migrations; Type: TABLE DATA; Schema: public; Owner: postgres
--

INSERT INTO public._prisma_migrations VALUES ('03666929-7271-4771-ba12-59ee2d90e9bd', '8fd264beae9b26dfcfc151b53705bc7f7bcf441402d2d5e5f66497a9921a6c4c', '2022-09-08 19:27:42.843253-03', '20220908222742_initial_models', NULL, NULL, '2022-09-08 19:27:42.794128-03', 1);
INSERT INTO public._prisma_migrations VALUES ('5bf170cf-3f71-42a7-abe6-0c712c0ec7dc', 'c968996e806bd002c548e8238a90b1368da8886046b09518ad9a1f2580cb05ed', '2022-09-08 20:18:51.441955-03', '20220908231851_fix_models_constraints', NULL, NULL, '2022-09-08 20:18:51.425155-03', 1);
INSERT INTO public._prisma_migrations VALUES ('74d92b92-bbc7-4cf9-9974-de4f68a513b7', '96d0e7966676f7c01b98ad6818361bd52d78c94de876541e4b2787f8f6fdab3b', '2022-09-15 19:04:09.673161-03', '20220915220409_add_paswword_price', NULL, NULL, '2022-09-15 19:04:09.660648-03', 1);
INSERT INTO public._prisma_migrations VALUES ('354b2b50-d7ba-45c4-aeb0-f266729a3a54', 'a5c40ac48b2af6615f916fe85f517404121e686976c46a5f9109d2c113e0b848', '2022-09-15 19:07:21.312801-03', '20220915220721_remove', NULL, NULL, '2022-09-15 19:07:21.309106-03', 1);
INSERT INTO public._prisma_migrations VALUES ('4106dc20-4d92-4761-9b3a-d163a72faac1', 'd1d115aa6192edc46500d264a11c5028a011920059c33954f8f613f09ca098bb', '2022-09-15 19:52:50.874454-03', '20220915225250_add_colors_table', NULL, NULL, '2022-09-15 19:52:50.845959-03', 1);
INSERT INTO public._prisma_migrations VALUES ('ae2e505d-fe7c-4839-a003-4e8ecd22d68e', '289654264cdaeeeb548eb55b4503aa28472d8413050eaad393b4a7981f08a8cc', '2022-09-15 20:36:57.267554-03', '20220915233657_remove_colors_table', NULL, NULL, '2022-09-15 20:36:57.257893-03', 1);
INSERT INTO public._prisma_migrations VALUES ('d2c82575-2c96-435d-840d-e0326cf3697f', '463f6f401a4d18c321847f3e204f8f5792838684c47cd2dcf668136479ebd7e1', '2022-09-27 14:52:11.404486-03', '20220927175211_add_radar', NULL, NULL, '2022-09-27 14:52:11.369766-03', 1);
INSERT INTO public._prisma_migrations VALUES ('8511bacf-4df9-4823-9ac7-4ab9e6d09884', '3d87e302bea3fff0c50e7904adcdf6c7b55f199b32da8b6c17db4917f085ab8a', '2022-09-27 15:28:32.16662-03', '20220927182832_rename_radar_table', NULL, NULL, '2022-09-27 15:28:32.138621-03', 1);
INSERT INTO public._prisma_migrations VALUES ('9aaa1799-d767-478c-9328-211096513184', '6b8104faabe7ed94c3e77a677cd3d984a8f351b2c84567c8382f3f232522e84b', '2022-09-29 10:54:00.920313-03', '20220929135400_add_data_scrap_temporary', NULL, NULL, '2022-09-29 10:54:00.890959-03', 1);
INSERT INTO public._prisma_migrations VALUES ('1329c616-dfe1-4bc5-8bbb-d9f3c9b91945', '5021cc917654963fd8153e43f69943f53555ddc7cbc3bb1dc75f7d0c26390d13', '2022-09-29 11:25:18.895237-03', '20220929142518_set_fund_id_to_unique_fk', NULL, NULL, '2022-09-29 11:25:18.887269-03', 1);


--
-- TOC entry 3050 (class 0 OID 45217)
-- Dependencies: 206
-- Data for Name: dataScraps; Type: TABLE DATA; Schema: public; Owner: postgres
--



--
-- TOC entry 3047 (class 0 OID 24766)
-- Dependencies: 203
-- Data for Name: funds; Type: TABLE DATA; Schema: public; Owner: postgres
--

INSERT INTO public.funds VALUES ('f9086239-6302-4ed8-907a-f76064f57cac', 'BBFO11', 'BB FUNDO DE FUNDOS - FUNDO DE INVESTIMENTO IMOBILIÁRIO', NULL, 'Papel', 'Fundo de Fundos', 'Títulos e Val. Mob.', '2022-09-08 22:29:49.811', '2022-09-23 15:25:04.292');
INSERT INTO public.funds VALUES ('29ccfe54-e2e2-4a30-a068-d9a05faf740d', 'BCFF11', 'FUNDO DE INVESTIMENTO IMOBILIÁRIO - BTG PACTUAL FUNDO DE FUNDOS', NULL, 'Papel', 'Fundo de Fundos', 'Renda', '2022-09-08 22:29:49.811', '2022-09-23 15:25:04.293');
INSERT INTO public.funds VALUES ('9b4657b7-4a4f-4b87-91cb-4fd86df5e5ec', 'BLMR11', 'BLUEMACAW RENDA + FOF FUNDO DE INVESTIMENTO IMOBILIÁRIO', NULL, 'Papel', 'Fundo de Fundos', 'Títulos e Val. Mob.', '2022-09-08 22:29:49.811', '2022-09-23 15:25:04.293');
INSERT INTO public.funds VALUES ('c4da9f8f-e3fd-4ce5-b66e-3968eb973c64', 'CARE11', 'BRAZILIAN GRAVEYARD DEATH CARE FDO INV IMOB - FII', NULL, 'Tijolo', 'Outros', 'Títulos e Val. Mob.', '2022-09-08 22:29:49.811', '2022-09-23 15:25:04.293');
INSERT INTO public.funds VALUES ('7490d436-cb18-44bc-b7e5-e0fd03caf0a8', 'BLMC11', 'BLUEMACAW CRÉDITO IMOBILIÁRIO - FUNDO DE INVESTIMENTO IMOBILIÁRIO', NULL, 'Papel', 'CRIs', 'Títulos e Val. Mob.', '2022-09-08 22:29:49.811', '2022-09-23 15:25:04.293');
INSERT INTO public.funds VALUES ('3c4ab36c-d4eb-4fc2-9f27-e22e897a4662', 'BIME11', 'BRIO MULTIESTRATÉGIA FUNDO DE INVESTIMENTO IMOBILIÁRIO', NULL, 'Indefinido', 'Indefinido', 'Renda', '2022-09-08 22:29:49.811', '2022-09-23 15:25:04.294');
INSERT INTO public.funds VALUES ('87a98fba-cc7e-4942-891b-9915638cd2fc', 'BICR11', 'INTER TÍTULOS IMOBILIÁRIOS FUNDO DE INVESTIMENTO IMOBILIÁRIO', NULL, 'Papel', 'CRIs', 'Renda', '2022-09-08 22:29:49.811', '2022-09-23 15:25:04.293');
INSERT INTO public.funds VALUES ('9e860f28-a44d-4aa9-8544-3b811b7264f4', 'KNRE11', 'KINEA II REAL ESTATE EQUITY FUNDO DE INVESTIMENTO IMOBILIÁRIO', NULL, 'Tijolo', 'Desenvolvimento', 'Desenv. para venda', '2022-09-08 22:29:49.811', '2022-09-23 15:25:04.294');
INSERT INTO public.funds VALUES ('13d425ec-f3b4-4b0f-8a9c-66736cb16306', 'BNFS11', 'BANRISUL NOVAS FRONTEIRAS FUNDO DE INVESTIMENTO IMOBILIÁRIO', NULL, 'Tijolo', 'Bancário', 'Desenv. para renda', '2022-09-08 22:29:49.811', '2022-09-23 15:25:04.294');
INSERT INTO public.funds VALUES ('242276ed-6740-4772-8f24-cc08d195ad23', 'KINP11', 'EVEN PERMUTA KINEA - FUNDO DE INVESTIMENTO IMOBILIÁRIO', NULL, 'Tijolo', 'Desenvolvimento', 'Desenv. para venda', '2022-09-08 22:29:49.811', '2022-09-23 15:25:04.294');
INSERT INTO public.funds VALUES ('41d8bf1c-c172-458f-8fd3-2b4372646ccc', 'BICE11', 'BRIO CRÉDITO ESTRUTURADO - FUNDO DE INVESTIMENTO IMOBILIÁRIO', NULL, 'Papel', 'CRIs', 'Títulos e Val. Mob.', '2022-09-08 22:29:49.811', '2022-09-23 15:25:04.293');
INSERT INTO public.funds VALUES ('d0baf6c9-bb12-4ac6-97d2-b640eb860be7', 'BBIM11', 'BB RECEBÍVEIS IMOBILIÁRIOS FUNDO DE INVESTIMENTO IMOBILIÁRIO', NULL, 'Papel', 'CRIs', 'Títulos e Val. Mob.', '2022-09-08 22:29:49.811', '2022-09-23 15:25:04.292');
INSERT INTO public.funds VALUES ('93b6dac6-a69c-40bd-95c6-e399d4118aaa', 'BCIA11', 'BRADESCO CARTEIRA IMOBILIÁRIA ATIVA – FUNDO DE INVESTIMENTO IMOBILIÁRIO', NULL, 'Papel', 'Fundo de Fundos', 'Títulos e Val. Mob.', '2022-09-08 22:29:49.811', '2022-09-23 15:25:04.292');
INSERT INTO public.funds VALUES ('56778586-99e3-4b2d-9d30-ef6f97101a63', 'AFOF11', 'ALIANZA FOFII FUNDO DE INVESTIMENTO IMOBILIÁRIO', NULL, 'Indefinido', 'Indefinido', 'Títulos e Val. Mob.', '2022-09-08 22:29:49.811', '2022-09-23 15:25:04.292');
INSERT INTO public.funds VALUES ('3821ebb8-0912-47b6-8afa-b59f0914dfc0', 'AFHI11', 'AF INVEST CRI FUNDO DE INVESTIMENTO IMOBILIÁRIO - RECEBÍVEIS IMOBILIÁRIOS', NULL, 'Papel', 'CRIs', 'Títulos e Val. Mob.', '2022-09-08 22:29:49.811', '2022-09-23 15:25:04.292');
INSERT INTO public.funds VALUES ('64578189-b9ed-4544-be83-916cb0b78a19', 'APTO11', 'NAVI RESIDENCIAL FUNDO DE INVESTIMENTO IMOBILIÁRIO', NULL, 'Híbrido', 'Tijolo/Papel', 'Híbridos', '2022-09-08 22:29:49.811', '2022-09-23 15:25:04.292');
INSERT INTO public.funds VALUES ('6281655d-2b93-4186-8037-f4a9bb32272e', 'ARRI11', 'FUNDO DE INVESTIMENTO IMOBILIÁRIO ÁTRIO REIT RECEBÍVEIS IMOBILIÁRIOS', NULL, 'Papel', 'CRIs', 'Títulos e Val. Mob.', '2022-09-08 22:29:49.811', '2022-09-23 15:25:04.292');
INSERT INTO public.funds VALUES ('cc567e19-9b17-4a32-8787-46aa99afeabb', 'BARI11', 'FUNDO DE INVESTIMENTO IMOBILIÁRIO BARIGUI RENDIMENTOS IMOBILIÁRIOS I', NULL, 'Papel', 'CRIs', 'Títulos e Val. Mob.', '2022-09-08 22:29:49.811', '2022-09-23 15:25:04.292');
INSERT INTO public.funds VALUES ('60fefd0d-8135-4f32-ad16-d52f6e01bf33', 'ORPD11', 'OURO PRETO DESENVOLVIMENTO IMOBILIÁRIO I FUNDO DE INVESTIMENTO IMOBILIÁRIO', NULL, 'Tijolo', 'Desenvolvimento', 'Títulos e Val. Mob.', '2022-09-08 22:29:49.811', '2022-09-23 15:25:04.293');
INSERT INTO public.funds VALUES ('32301340-1845-4608-8914-254c986d6cf6', 'BCRI11', 'BANESTES RECEBÍVEIS IMOBILIÁRIOS FUNDO DE INVESTIMENTO', NULL, 'Papel', 'CRIs', ' Títulos e valores mobiliários', '2022-09-08 22:29:49.811', '2022-09-23 15:25:04.293');
INSERT INTO public.funds VALUES ('6860eed5-7a78-44e7-be22-3dc882ac591c', 'BPFF11', 'FUNDO DE INVESTIMENTO IMOBILIÁRIO - BRASIL PLURAL ABSOLUTO', NULL, 'Papel', 'Fundo de Fundos', 'Renda', '2022-09-08 22:29:49.811', '2022-09-23 15:25:04.294');
INSERT INTO public.funds VALUES ('031b57cb-02b0-4f0c-a147-7150fd09d450', 'RBDS11', 'RB CAPITAL DESENVOLVIMENTO RESIDENCIAL II FUNDO DE INVESTIMENTO IMOBILIÁRIO', NULL, 'Tijolo', 'Desenvolvimento', 'Desenv. para venda', '2022-09-08 22:29:49.811', '2022-09-23 15:25:04.294');
INSERT INTO public.funds VALUES ('1ed68ea3-be9e-4b5a-9cd3-4241e5bd1669', 'BTAL11', 'FUNDO DE INVESTIMENTO IMOBILIÁRIO BTG PACTUAL AGRO LOGÍSTICA', NULL, 'Tijolo', 'Outros', 'Renda', '2022-09-08 22:29:49.811', '2022-09-23 15:25:04.294');
INSERT INTO public.funds VALUES ('72fc50b5-e7a2-4a78-85d9-4782b056d4f2', 'BTSG11', 'BTSP I FUNDO DE INVESTIMENTO IMOBILIÁRIO', NULL, 'Tijolo', 'Desenvolvimento', 'Desenv. para renda', '2022-09-08 22:29:49.811', '2022-09-23 15:25:04.294');
INSERT INTO public.funds VALUES ('992b2547-7987-4275-b822-4aab24a4f814', 'CTXT11', 'FUNDO DE INVESTIMENTO IMOBILIÁRIO CENTRO TÊXTIL INTERNACIONAL', NULL, 'Tijolo', 'Outros', 'Desenv. para renda', '2022-09-08 22:29:49.811', '2022-09-23 15:25:04.294');
INSERT INTO public.funds VALUES ('49a3bf02-ce36-4b13-8466-877a629dc177', 'HRDF11', 'HEDGE REALTY DEVELOPMENT FUNDO DE INVESTIMENTO IMOBILIÁRIO', NULL, 'Tijolo', 'Desenvolvimento', 'Desenv. para venda', '2022-09-08 22:29:49.811', '2022-09-23 15:25:04.295');
INSERT INTO public.funds VALUES ('9e91f8f4-d3f7-42c8-b939-aa71248039e7', 'DRIT11B', 'MULTIGESTÃO RENDA COMERCIAL FUNDO DE INVESTIMENTO IMOBILIÁRIO', NULL, 'Tijolo', 'Escritórios', 'Desenv. para renda', '2022-09-08 22:29:49.811', '2022-09-23 15:25:04.294');
INSERT INTO public.funds VALUES ('1be9c31e-72fa-4c37-b0b1-672a8b292a55', 'BTCR11', 'FUNDO DE INVESTIMENTO IMOBILIÁRIO - BTG PACTUAL CRÉDITO IMOBILIÁRIO', NULL, 'Papel', 'CRIs', 'Renda', '2022-09-08 22:29:49.811', '2022-09-23 15:25:04.295');
INSERT INTO public.funds VALUES ('f6ef901a-44a3-4ef4-ba33-7743b6b815f6', 'CPFF11', 'CAPITÂNIA REIT FOF - FUNDO DE INVESTIMENTO IMOBILIÁRIO', NULL, 'Papel', 'Fundo de Fundos', 'Renda', '2022-09-08 22:29:49.811', '2022-09-23 15:25:04.296');
INSERT INTO public.funds VALUES ('36793365-0a15-4d59-ae61-f7450d781be4', 'BZLI11', 'BRAZIL REALTY FUNDO DE INVESTIMENTO IMOBILIÁRIO', NULL, 'Híbrido', 'Tijolo/Papel', 'Títulos e Val. Mob.', '2022-09-08 22:29:49.811', '2022-09-23 15:25:04.295');
INSERT INTO public.funds VALUES ('2f9f5bc0-7940-4f76-a578-eb92fb4cfebc', 'BTRA11', 'FUNDO DE INVESTIMENTO IMOBILIÁRIO BTG PACTUAL TERRAS AGRÍCOLAS', NULL, 'Indefinido', 'Indefinido', 'Renda', '2022-09-08 22:29:49.811', '2022-09-23 15:25:04.295');
INSERT INTO public.funds VALUES ('5089a1d8-3ad2-407a-8243-9241b2a8c2c1', 'CRFF11', 'CAIXA RIO BRAVO FUNDO DE FUNDOS DE INVESTIMENTO IMOBILIÁRIO II', NULL, 'Papel', 'Fundo de Fundos', 'Títulos e Val. Mob.', '2022-09-08 22:29:49.811', '2022-09-23 15:25:04.295');
INSERT INTO public.funds VALUES ('1862b763-321f-4eef-8e3c-7b769fa178d6', 'CCRF11', 'CANVAS CRI - FUNDO DE INVESTIMENTO IMOBILIÁRIO', NULL, 'Papel', 'CRIs', 'Títulos e Val. Mob.', '2022-09-08 22:29:49.811', '2022-09-23 15:25:04.295');
INSERT INTO public.funds VALUES ('20d34c01-a8ec-4c4e-9248-08bb1412db87', 'CYCR11', 'CYRELA CRÉDITO - FUNDO DE INVESTIMENTO IMOBILIÁRIO', NULL, 'Papel', 'CRIs', 'Títulos e Val. Mob.', '2022-09-08 22:29:49.811', '2022-09-23 15:25:04.296');
INSERT INTO public.funds VALUES ('1a836a1c-df78-4dff-9f3b-2a1c704f2e37', 'CXRI11', 'CAIXA RIO BRAVO FUNDO DE INVESTIMENTO IMOBILIÁRIO', NULL, 'Papel', 'Fundo de Fundos', 'Títulos e Val. Mob.', '2022-09-08 22:29:49.811', '2022-09-23 15:25:04.296');
INSERT INTO public.funds VALUES ('46548bc4-f54f-4b7c-a26e-bdf9cf4c625f', 'DEVA11', 'DEVANT RECEBÍVEIS IMOBILIÁRIOS FUNDO DE INVESTIMENTO IMOBILIÁRIO', NULL, 'Papel', 'CRIs', 'Títulos e Val. Mob.', '2022-09-08 22:29:49.811', '2022-09-23 15:25:04.296');
INSERT INTO public.funds VALUES ('b8d305a9-f17f-4e0f-9dd9-38bb11a4e4b3', 'CVBI11', 'FUNDO DE INVESTIMENTO IMOBILIÁRIO - VBI CRI', NULL, 'Papel', 'CRIs', 'Títulos e Val. Mob.', '2022-09-08 22:29:49.811', '2022-09-23 15:25:04.296');
INSERT INTO public.funds VALUES ('5a4c75cd-19b1-4b48-b2c9-b1f54429dcd7', 'CACR11', 'CARTESIA RECEBÍVEIS IMOBILIÁRIOS FUNDO DE INVESTIMENTO IMOBILIÁRIO', NULL, 'Papel', 'CRIs', 'Híbridos', '2022-09-08 22:29:49.811', '2022-09-23 15:25:04.295');
INSERT INTO public.funds VALUES ('a8ca6232-6e20-4b71-98c5-ca9faa82ba33', 'DVFF11', 'FUNDO DE INVESTIMENTO IMOBILIÁRIO DEVANT FOF IMOBILIÁRIOS', NULL, 'Papel', 'Híbrido', 'Títulos e Val. Mob.', '2022-09-08 22:29:49.811', '2022-09-23 15:25:04.296');
INSERT INTO public.funds VALUES ('77af4714-542d-486d-9e6a-be069c059d9b', 'EQIR11', 'EQI RECEBÍVEIS IMOBILIÁRIOS FUNDO DE INVESTIMENTO IMOBILIÁRIO', NULL, 'Papel', 'CRIs', 'Títulos e Val. Mob.', '2022-09-08 22:29:49.811', '2022-09-23 15:25:04.296');
INSERT INTO public.funds VALUES ('2c0bb96c-e964-42e4-ace6-b030b73acc6c', 'CPTS11', 'CAPITANIA SECURITIES II FUNDO DE INVESTIMENTO IMOBILIÁRIO', NULL, 'Papel', 'CRIs', 'Renda', '2022-09-08 22:29:49.811', '2022-09-23 15:25:04.296');
INSERT INTO public.funds VALUES ('59d18bdc-dea3-48c8-8376-5c609e208510', 'ERCR11', 'ESTOQUE RESIDENCIAL E COMERCIAL RJ FUNDO DE INVESTIMENTO IMOBILIÁRIO', NULL, 'Tijolo', 'Desenvolvimento', 'Desenv. para renda', '2022-09-08 22:29:49.811', '2022-09-23 15:25:04.296');
INSERT INTO public.funds VALUES ('43b18934-45e6-46a3-8982-70aab42b92d7', 'PQAG11', 'PARQUE ANHANGUERA FUNDO DE INVESTIMENTO IMOBILIÁRIO', NULL, 'Tijolo', 'Galpões', 'Desenv. para renda', '2022-09-08 22:29:49.811', '2022-09-23 15:25:04.296');
INSERT INTO public.funds VALUES ('2a988696-7fef-4726-916f-3274c743bcca', 'CXCI11', 'FUNDO DE INVESTIMENTO IMOBILIÁRIO CAIXA CARTEIRA IMOBILIÁRIA', NULL, 'Indefinido', 'Indefinido', 'Indefinido', '2022-09-08 22:29:49.811', '2022-09-23 15:25:04.297');
INSERT INTO public.funds VALUES ('2412c6bc-3f93-4fbe-88e3-5b3b173c5a08', 'RBVA11', 'FUNDO DE INVESTIMENTO IMOBILIÁRIO RIO BRAVO RENDA VAREJO - FII', NULL, 'Tijolo', 'Bancário', 'Desenv. para renda', '2022-09-08 22:29:49.811', '2022-09-23 15:25:04.297');
INSERT INTO public.funds VALUES ('2496abb4-c324-4736-bfc4-c81273002acb', 'RBED11', 'FUNDO DE INVESTIMENTO IMOBILIÁRIO RIO BRAVO RENDA EDUCACIONAL', NULL, 'Tijolo', 'Educacional', 'Desenv. para renda', '2022-09-08 22:29:49.811', '2022-09-23 15:25:04.297');
INSERT INTO public.funds VALUES ('0ca7e904-1442-40cd-8192-767e66003077', 'FEXC11', 'FUNDO DE INVESTIMENTO IMOBILIÁRIO - BTG PACTUAL FUNDO DE CRI', NULL, 'Papel', 'CRIs', 'Renda', '2022-09-08 22:29:49.811', '2022-09-23 15:25:04.297');
INSERT INTO public.funds VALUES ('4890d723-afb9-4c8d-9d30-28fe16391577', 'CEOC11', 'FUNDO DE INVESTIMENTO IMOBILIÁRIO - CYRELA COMMERCIAL PROPERTIES', NULL, 'Tijolo', 'Escritórios', 'Renda', '2022-09-08 22:29:49.811', '2022-09-23 15:25:04.315');
INSERT INTO public.funds VALUES ('78085702-9828-4958-968d-71d98a5f0552', 'GGRC11', 'GGR COVEPI RENDA FUNDO DE INVESTIMENTO IMOBILIÁRIO', NULL, 'Tijolo', 'Galpões', 'Híbridos', '2022-09-08 22:29:49.811', '2022-09-23 15:25:04.32');
INSERT INTO public.funds VALUES ('061f218f-091d-4bd5-a8f4-9d224b132535', 'ONEF11', 'FUNDO DE INVESTIMENTO IMOBILIÁRIO THE ONE', NULL, 'Tijolo', 'Escritórios', 'Renda', '2022-09-08 22:29:49.811', '2022-09-23 15:25:04.327');
INSERT INTO public.funds VALUES ('daa1f3d4-02fb-475b-ba87-8d0a8353f24a', 'NVHO11', 'FUNDO DE INVESTIMENTO IMOBILIÁRIO - NOVO HORIZONTE', NULL, 'Tijolo', 'Hospital', 'Desenv. para renda', '2022-09-08 22:29:49.811', '2022-09-23 15:25:04.33');
INSERT INTO public.funds VALUES ('3f05d37b-528f-4ee8-85ec-76584681b675', 'FLCR11', 'FARIA LIMA CAPITAL RECEBÍVEIS IMOBILIÁRIOS I - FUNDO DE INVESTIMENTO IMOBILIÁRIO', NULL, 'Papel', 'CRIs', 'Títulos e Val. Mob.', '2022-09-08 22:29:49.811', '2022-09-23 15:25:04.298');
INSERT INTO public.funds VALUES ('c092c264-5474-424d-b836-dbf32bed29dc', 'GCRI11', 'GALAPAGOS RECEBÍVEIS IMOBILIÁRIOS - FUNDO DE INVESTIMENTO IMOBILIÁRIO', NULL, 'Papel', 'CRIs', 'Títulos e Val. Mob.', '2022-09-08 22:29:49.811', '2022-09-23 15:25:04.298');
INSERT INTO public.funds VALUES ('8cf02e89-75b5-4a7d-83ce-6c1d0553540d', 'HABT11', 'HABITAT II - FUNDO DE INVESTIMENTO IMOBILIÁRIO', NULL, 'Papel', 'CRIs', 'Títulos e Val. Mob.', '2022-09-08 22:29:49.811', '2022-09-23 15:25:04.298');
INSERT INTO public.funds VALUES ('be17f929-c2cf-4abf-90c2-748afcbf4b60', 'HCHG11', 'HECTARE RECEBÍVEIS HIGH GRADE FUNDO DE INVESTIMENTO IMOBILIÁRIO', NULL, 'Papel', 'CRIs', 'Títulos e Val. Mob.', '2022-09-08 22:29:49.811', '2022-09-23 15:25:04.298');
INSERT INTO public.funds VALUES ('87c78f37-c960-4f5d-a7d8-dee3efdd5435', 'HCTR11', 'HECTARE CE - FUNDOS INVESTIMENTO IMOBILIÁRIOS', NULL, 'Papel', 'CRIs', 'Títulos e Val. Mob.', '2022-09-08 22:29:49.811', '2022-09-23 15:25:04.298');
INSERT INTO public.funds VALUES ('bd8b4829-0aa7-4bc9-9199-7fd993e01015', 'HFOF11', 'HEDGE TOP FOFII 3 FUNDO DE INVESTIMENTO IMOBILIÁRIO', NULL, 'Papel', 'Fundo de Fundos', 'Títulos e Val. Mob.', '2022-09-08 22:29:49.811', '2022-09-23 15:25:04.298');
INSERT INTO public.funds VALUES ('30a2bbfa-ac02-4ec1-b5ad-6ec96d23f47c', 'HGCR11', 'CSHG RECEBÍVEIS IMOBILIÁRIOS - FUNDO DE INVESTIMENTO IMOBILIÁRIO', NULL, 'Papel', 'CRIs', 'Títulos e Val. Mob.', '2022-09-08 22:29:49.811', '2022-09-23 15:25:04.298');
INSERT INTO public.funds VALUES ('b7dd599b-ed46-4436-a63d-67a163dc6dfb', 'HGFF11', 'CSHG IMOBILIÁRIO FOF - FUNDO DE INVESTIMENTO IMOBILIÁRIO', NULL, 'Papel', 'Fundo de Fundos', 'Títulos e Val. Mob.', '2022-09-08 22:29:49.811', '2022-09-23 15:25:04.299');
INSERT INTO public.funds VALUES ('fd39975a-4521-4322-bccc-ed1ae42de103', 'HGIC11', 'HGI CRÉDITOS IMOBILIÁRIOS FUNDO DE INVESTIMENTO IMOBILIÁRIO', NULL, 'Papel', 'CRIs', 'Títulos e Val. Mob.', '2022-09-08 22:29:49.811', '2022-09-23 15:25:04.299');
INSERT INTO public.funds VALUES ('6272cae6-fbd0-4f64-914b-766dc022f452', 'GAME11', 'FUNDO DE INVESTIMENTO IMOBILIÁRIO GUARDIAN MULTIESTRATÉGIA I', NULL, 'Papel', 'CRIs', 'Híbridos', '2022-09-08 22:29:49.811', '2022-09-23 15:25:04.299');
INSERT INTO public.funds VALUES ('997062bf-1a87-496d-af3d-750ce74dda1a', 'HREC11', 'HEDGE RECEBÍVEIS FUNDO DE INVESTIMENTO IMOBILIÁRIO', NULL, 'Papel', 'CRIs', 'Títulos e Val. Mob.', '2022-09-08 22:29:49.811', '2022-09-23 15:25:04.299');
INSERT INTO public.funds VALUES ('fc148093-1eda-45c6-8093-ea13d70f6435', 'GCFF11', 'GALAPAGOS FUNDO DE FUNDOS - FUNDO DE INVESTIMENTO IMOBILIÁRIO', NULL, 'Papel', 'Fundo de Fundos', 'Renda', '2022-09-08 22:29:49.811', '2022-09-23 15:25:04.3');
INSERT INTO public.funds VALUES ('08e457c9-b015-4a81-b1de-890bbe587af9', 'SEQR11', 'SEQUOIA III RENDA IMOBILIÁRIA - FUNDO DE INVESTIMENTO IMOBILIÁRIO', NULL, 'Indefinido', 'Indefinido', 'Renda', '2022-09-08 22:29:49.811', '2022-09-23 15:25:04.309');
INSERT INTO public.funds VALUES ('1c4ad8bb-7c21-44b8-9e4d-277acc46f3c1', 'BRLA11', 'FUNDO DE INVESTIMENTO IMOBILIÁRIO BRL PROP II', NULL, 'Tijolo', 'Galpões', 'Renda', '2022-09-08 22:29:49.811', '2022-09-23 15:25:04.315');
INSERT INTO public.funds VALUES ('1763162d-11a1-45f5-9ddf-394bb51fdc9e', 'CJCT11', 'CIDADE JARDIM CONTINENTAL TOWER FUNDO DE INVESTIMENTO IMOBILIÁRIO', NULL, 'Tijolo', 'Escritórios', 'Renda', '2022-09-08 22:29:49.811', '2022-09-23 15:25:04.315');
INSERT INTO public.funds VALUES ('ab3a9200-7db4-4ba5-9a30-ec9fb839ce94', 'IRDM11', 'FUNDO DE INVESTIMENTO IMOBILIÁRIO IRIDIUM RECEBÍVEIS IMOBILIÁRIOS', NULL, 'Papel', 'CRIs', 'Renda', '2022-09-08 22:29:49.811', '2022-09-23 15:25:04.301');
INSERT INTO public.funds VALUES ('67169507-60c0-45b1-aabd-61f41cd8e9f0', 'TORD11', 'TORDESILHAS EI FUNDO DE INVESTIMENTO IMOBILIÁRIO', NULL, 'Indefinido', 'Indefinido', 'Híbridos', '2022-09-08 22:29:49.811', '2022-09-23 15:25:04.303');
INSERT INTO public.funds VALUES ('0562b31a-f696-4274-99d5-61aae9fb30a2', 'MCCI11', 'FUNDO DE INVESTIMENTO IMOBILIÁRIO MAUÁ CAPITAL RECEBÍVEIS IMOBILIÁRIOS ', NULL, 'Papel', 'CRIs', 'Renda', '2022-09-08 22:29:49.811', '2022-09-23 15:25:04.302');
INSERT INTO public.funds VALUES ('d96fe949-1f4a-49dd-9eae-8bddee4da92e', 'MCHY11', 'FUNDO DE INVESTIMENTO IMOBILIÁRIO MAUÁ CAPITAL HIGH YIELD', NULL, 'Papel', 'CRIs', 'Indefinido', '2022-09-08 22:29:49.811', '2022-09-23 15:25:04.303');
INSERT INTO public.funds VALUES ('4fe17ba3-ec2e-4036-9390-163e48e5d326', 'MCHF11', 'MAUÁ CAPITAL HEDGE FUNDO DE INVESTIMENTO IMOBILIÁRIO', NULL, 'Papel', 'Fundo de Fundos', 'Títulos e Val. Mob.', '2022-09-08 22:29:49.811', '2022-09-23 15:25:04.302');
INSERT INTO public.funds VALUES ('0226a80c-502d-4626-96a5-df29998da3ae', 'MFAI11', 'MERITO FUNDOS E AÇÕES IMOBILIÁRIAS - FUNDO DE INVESTIMENTO IMOBILIÁRIO', NULL, 'Híbrido', 'Tijolo/Papel', 'Híbridos', '2022-09-08 22:29:49.811', '2022-09-23 15:25:04.303');
INSERT INTO public.funds VALUES ('c6bb9468-0aeb-407b-9490-d0c842ce6ffe', 'HSAF11', 'HSI ATIVOS FINANCEIROS - FUNDO DE INVESTIMENTO IMOBILIÁRIO', NULL, 'Papel', 'CRIs', 'Títulos e Val. Mob.', '2022-09-08 22:29:49.811', '2022-09-23 15:25:04.299');
INSERT INTO public.funds VALUES ('7df5ab69-225a-4471-86c2-83ef4be78e62', 'IBFF11', 'FUNDO DE INVESTIMENTO IMOBILIÁRIO FOF INTEGRAL BREI', NULL, 'Papel', 'Fundo de Fundos', 'Renda', '2022-09-08 22:29:49.811', '2022-09-23 15:25:04.3');
INSERT INTO public.funds VALUES ('10402973-2dd4-43a6-9d4b-c59e8488e24c', 'KFOF11', 'FUNDO DE FUNDOS DE INVESTIMENTO IMOBILIÁRIO KINEA FII', NULL, 'Papel', 'Fundo de Fundos', 'Títulos e Val. Mob.', '2022-09-08 22:29:49.811', '2022-09-23 15:25:04.3');
INSERT INTO public.funds VALUES ('3c0c28b5-8ea4-49ce-8acb-55141e5d2299', 'JSAF11', 'JS ATIVOS FINANCEIROS FUNDO DE INVESTIMENTO IMOBILIÁRIO', NULL, 'Papel', 'Fundo de Fundos', 'Títulos e Val. Mob.', '2022-09-08 22:29:49.811', '2022-09-23 15:25:04.3');
INSERT INTO public.funds VALUES ('082c5d24-0e5a-4934-9cef-f987ef3291e3', 'IRIM11', 'IRIDIUM FUNDO DE INVESTIMENTO IMOBILIÁRIO', NULL, 'Papel', 'Híbrido', 'Híbridos', '2022-09-08 22:29:49.811', '2022-09-23 15:25:04.301');
INSERT INTO public.funds VALUES ('2fc4e91c-a3b6-4379-9224-c508c7fbca5b', 'IBCR11', 'FUNDO DE INVESTIMENTO IMOBILIÁRIO DE CRI INTEGRAL BREI', NULL, 'Papel', 'CRIs', 'Títulos e Val. Mob.', '2022-09-08 22:29:49.811', '2022-09-23 15:25:04.3');
INSERT INTO public.funds VALUES ('7b529467-aced-4904-ba4b-82951b594f57', 'JPPA11', 'JPP ALLOCATION MOGNO - FUNDO DE INVESTIMENTO IMOBILIÁRIO', NULL, 'Papel', 'CRIs', 'Títulos e Val. Mob.', '2022-09-08 22:29:49.811', '2022-09-23 15:25:04.3');
INSERT INTO public.funds VALUES ('2a407240-90c6-4ea1-9d35-863d10704e41', 'IDFI11', 'FUNDO DE INVESTIMENTO IMOBILIÁRIO DE UNIDADES AUTÔNOMAS', NULL, 'Indefinido', 'Indefinido', 'Renda', '2022-09-08 22:29:49.811', '2022-09-23 15:25:04.301');
INSERT INTO public.funds VALUES ('c050ea9e-2f8d-4ebd-bcc1-1d5742335bd0', 'KNCR11', 'KINEA RENDIMENTOS IMOBILIARIOS FUNDO DE INVESTIMENTO IMOBILIARIO - FII', NULL, 'Papel', 'CRIs', 'Títulos e Val. Mob.', '2022-09-08 22:29:49.811', '2022-09-23 15:25:04.301');
INSERT INTO public.funds VALUES ('4296ebbc-2ec2-4b94-a01c-7ca8325405dc', 'ITIT11', 'INTER TEVE INDICE DE TIJOLO FUNDO DE INVESTIMENTO IMOBILIÁRIO', NULL, 'Papel', 'Fundo de Fundos', 'Renda', '2022-09-08 22:29:49.811', '2022-09-23 15:25:04.301');
INSERT INTO public.funds VALUES ('8151ea0e-0044-4370-8514-352bdf2664dd', 'KISU11', 'KLIMA FIC FUNDO IMOBILIÁRIO SUNO 30', NULL, 'Papel', 'Fundo de Fundos', 'Títulos e Val. Mob.', '2022-09-08 22:29:49.811', '2022-09-23 15:25:04.301');
INSERT INTO public.funds VALUES ('7c65c7b8-42ad-4a1e-8764-65dbb2c8d3f1', 'JSRE11', 'JS REAL ESTATE MULTIGESTÃO - FII', NULL, 'Tijolo', 'Escritórios', 'Híbridos', '2022-09-08 22:29:49.811', '2022-09-23 15:25:04.302');
INSERT INTO public.funds VALUES ('41059c8f-5b0a-4161-9ac0-2e910856e1f6', 'ITIP11', 'INTER TEVA INDICE DE PAPEL FUNDO DE INVESTIMENTO IMOBILIÁRIO', NULL, 'Papel', 'Fundo de Fundos', 'Renda', '2022-09-08 22:29:49.811', '2022-09-23 15:25:04.301');
INSERT INTO public.funds VALUES ('9f4d3a77-3a16-4f4e-803b-3848e8de42b8', 'MATV11', 'MORE GESTÃO ATIVA DE RECEBÍVEIS FUNDO DE INVESTIMENTO IMOBILIÁRIO', NULL, 'Papel', 'CRIs', 'Títulos e Val. Mob.', '2022-09-08 22:29:49.811', '2022-09-23 15:25:04.302');
INSERT INTO public.funds VALUES ('cebdebd4-d17b-4204-bc8c-ab0d4a20e47e', 'KNHY11', 'KINEA HIGH YIELD CRI FUNDO DE INVESTIMENTO IMOBILIÁRIO', NULL, 'Papel', 'CRIs', 'Títulos e Val. Mob.', '2022-09-08 22:29:49.811', '2022-09-23 15:25:04.302');
INSERT INTO public.funds VALUES ('2d6ff0ec-a19c-4173-ac6b-cfa4265cc7b2', 'KNIP11', 'KINEA INDICES DE PRECOS FUNDO DE INVESTIMENTO IMOBILIARIO - FII', NULL, 'Papel', 'CRIs', 'Títulos e Val. Mob.', '2022-09-08 22:29:49.811', '2022-09-23 15:25:04.302');
INSERT INTO public.funds VALUES ('131b993f-9672-4f2a-94ab-8ea80a466b55', 'RVBI11', 'VBI REITS FOF - FUNDO DE INVESTIMENTO IMOBILIÁRIO', NULL, 'Papel', 'Fundo de Fundos', 'Renda', '2022-09-08 22:29:49.811', '2022-09-23 15:25:04.308');
INSERT INTO public.funds VALUES ('56c5bc24-7518-4f91-8749-c658a60902d1', 'CXAG11', 'FUNDO DE INVESTIMENTO IMOBILIÁRIO CAIXA AGÊNCIAS', NULL, 'Tijolo', 'Bancário', 'Renda', '2022-09-08 22:29:49.811', '2022-09-23 15:25:04.316');
INSERT INTO public.funds VALUES ('e59a85b5-d019-4380-b1a2-2c485b10521b', 'CXCE11B', 'FUNDO DE INVESTIMENTO IMOBILIÁRIO CAIXA CEDAE', NULL, 'Tijolo', 'Escritórios', 'Renda', '2022-09-08 22:29:49.811', '2022-09-23 15:25:04.316');
INSERT INTO public.funds VALUES ('ea1c221c-5933-474b-909e-c9dbac60cc8d', 'GTLG11', 'GTIS BRAZIL LOGISTICS FUNDO DE INVESTIMENTO IMOBILIÁRIO', NULL, 'Tijolo', 'Galpões', 'Renda', '2022-09-08 22:29:49.811', '2022-09-23 15:25:04.321');
INSERT INTO public.funds VALUES ('92faffdf-59b3-4167-89ef-38ab5e7fa320', 'HGRU11', 'CSHG RENDA URBANA - FUNDO DE INVESTIMENTO IMOBILIÁRIO', NULL, 'Tijolo', 'Varejo', 'Renda', '2022-09-08 22:29:49.811', '2022-09-23 15:25:04.322');
INSERT INTO public.funds VALUES ('f4a32f26-f87b-4658-91f8-d8200ce5ae5e', 'RBFF11', 'RIO BRAVO FUNDO DE FUNDOS DE INVESTIMENTO IMOBILIARIO', NULL, 'Papel', 'Fundo de Fundos', 'Títulos e Val. Mob.', '2022-09-08 22:29:49.811', '2022-09-23 15:25:04.305');
INSERT INTO public.funds VALUES ('50b452ac-49c5-4bd0-8198-42e81c77aa86', 'MGCR11', 'FUNDO DE INVESTIMENTO IMOBILIÁRIO MOGNO CRI HIGH GRADE', NULL, 'Papel', 'CRIs', 'Títulos e Val. Mob.', '2022-09-08 22:29:49.811', '2022-09-23 15:25:04.303');
INSERT INTO public.funds VALUES ('84e8acf4-9674-443a-a8dd-e7a26d792d67', 'MGFF11', 'FUNDO DE INVESTIMENTO IMOBILIÁRIO MOGNO FUNDO DE FUNDOS', NULL, 'Papel', 'Fundo de Fundos', 'Renda', '2022-09-08 22:29:49.811', '2022-09-23 15:25:04.303');
INSERT INTO public.funds VALUES ('dc381678-47b7-4cd3-8af1-415dccc3e5ee', 'MORE11', 'MORE REAL ESTATE FOF FUNDO DE INVESTIMENTO IMOBILIÁRIO', NULL, 'Papel', 'Fundo de Fundos', 'Renda', '2022-09-08 22:29:49.811', '2022-09-23 15:25:04.303');
INSERT INTO public.funds VALUES ('6d5c5dee-6752-46bf-b9e1-2a65f2b3c8b3', 'NAVT11', 'NAVI IMOBILIÁRIO TOTAL RETURN FUNDO DE INVESTIMENTO IMOBILIÁRIO', NULL, 'Papel', 'Fundo de Fundos', 'Títulos e Val. Mob.', '2022-09-08 22:29:49.811', '2022-09-23 15:25:04.304');
INSERT INTO public.funds VALUES ('2a4ecb98-5098-48ab-ac61-acb1b8954a96', 'MXRF11', 'MAXI RENDA FUNDO DE INVESTIMENTO IMOBILIÁRIO', NULL, 'Papel', 'CRIs', 'Renda', '2022-09-08 22:29:49.811', '2022-09-23 15:25:04.304');
INSERT INTO public.funds VALUES ('eb2f5d4d-f4b6-4a6f-9142-3e88ec56e9cc', 'MORC11', 'MORE RECEBÍVEIS IMOBILIÁRIOS FUNDO DE INVESTIMENTO IMOBILIÁRIO', NULL, 'Papel', 'CRIs', 'Títulos e Val. Mob.', '2022-09-08 22:29:49.811', '2022-09-23 15:25:04.303');
INSERT INTO public.funds VALUES ('48e9eee2-ad8d-430e-8f13-4a72b3deeefa', 'PLRI11', 'POLO FUNDO DE INVESTIMENTO IMOBILIÁRIO - RECEBÍVEIS IMOBILIÁRIOS I', NULL, 'Papel', 'CRIs', 'Títulos e Val. Mob.', '2022-09-08 22:29:49.811', '2022-09-23 15:25:04.304');
INSERT INTO public.funds VALUES ('cbd5b514-160e-4004-a9fe-a0e71841bf83', 'NCHB11', 'FUNDO DE INVESTIMENTO IMOBILIÁRIO - NCH BRASIL RECEBÍVEIS IMOBILIÁRIOS', NULL, 'Papel', 'CRIs', 'Títulos e Val. Mob.', '2022-09-08 22:29:49.811', '2022-09-23 15:25:04.304');
INSERT INTO public.funds VALUES ('85330b4e-5624-4de9-b674-533428323d9a', 'OUFF11', 'FUNDO DE INVESTIMENTO IMOBILIÁRIO - OURINVEST FUNDO DE FUNDOS', NULL, 'Papel', 'Fundo de Fundos', 'Títulos e Val. Mob.', '2022-09-08 22:29:49.811', '2022-09-23 15:25:04.304');
INSERT INTO public.funds VALUES ('a77fb60f-0a69-4787-8cb4-7513681e51ba', 'PORD11', 'POLO FUNDO DE INVESTIMENTO IMOBILIÁRIO - RECEBÍVEIS IMOBILIÁRIOS II', NULL, 'Papel', 'CRIs', 'Títulos e Val. Mob.', '2022-09-08 22:29:49.811', '2022-09-23 15:25:04.304');
INSERT INTO public.funds VALUES ('9ae52e7a-c560-4843-a966-a90937bf1b9b', 'OURE11', 'FUNDO DE INVESTIMENTO IMOBILIÁRIO OURINVEST RENDA ESTRUTURADA', NULL, 'Papel', 'CRIs', 'Híbridos', '2022-09-08 22:29:49.811', '2022-09-23 15:25:04.305');
INSERT INTO public.funds VALUES ('b5916300-4f7c-4aeb-aaac-7e8f2e8fc86e', 'QAMI11', 'QUASAR CRÉDITO IMOBILIÁRIO FUNDO DE INVESTIMENTO IMOBILIÁRIO', NULL, 'Papel', 'CRIs', 'Híbridos', '2022-09-08 22:29:49.811', '2022-09-23 15:25:04.305');
INSERT INTO public.funds VALUES ('53aeeb2a-f16c-4c58-a08e-4ba7eba9a96c', 'PLCR11', 'FUNDO DE INVESTIMENTO IMOBILIÁRIO PLURAL RECEBÍVEIS', NULL, 'Papel', 'CRIs', 'Híbridos', '2022-09-08 22:29:49.811', '2022-09-23 15:25:04.305');
INSERT INTO public.funds VALUES ('020a76f9-9925-4cd3-a1a3-8cf6050c0fd2', 'OUJP11', 'OURINVEST JPP FUNDO DE INVESTIMENTO IMOBILIÁRIO', NULL, 'Papel', 'CRIs', 'Títulos e Val. Mob.', '2022-09-08 22:29:49.811', '2022-09-23 15:25:04.304');
INSERT INTO public.funds VALUES ('b7176f8e-2735-4e8c-9d0b-adb85a355089', 'RZTR11', 'FUNDO DE INVESTIMENTO IMOBILIÁRIO RIZA TERRAX', NULL, 'Indefinido', 'Indefinido', 'Renda', '2022-09-08 22:29:49.811', '2022-09-23 15:25:04.308');
INSERT INTO public.funds VALUES ('f9857445-ea83-4f34-b4bc-c60d5ae5cd84', 'CXTL11', 'FUNDO DE INVESTIMENTO IMOBILIÁRIO CAIXA TRX LOGÍSTICA RENDA', NULL, 'Tijolo', 'Galpões', 'Renda', '2022-09-08 22:29:49.811', '2022-09-23 15:25:04.316');
INSERT INTO public.funds VALUES ('add158ac-adce-4921-b571-e002b5bbab66', 'CNES11', 'FUNDO DE INVESTIMENTO IMOBILIÁRIO - CENESP', NULL, 'Tijolo', 'Escritórios', 'Renda', '2022-09-08 22:29:49.811', '2022-09-23 15:25:04.316');
INSERT INTO public.funds VALUES ('2c81e95d-9842-45a1-ba88-682649bd58b4', 'FPAB11', 'FUNDO DE INVESTIMENTO IMOBILIÁRIO PROJETO ÁGUA BRANCA', NULL, 'Tijolo', 'Escritórios', 'Renda', '2022-09-08 22:29:49.811', '2022-09-23 15:25:04.32');
INSERT INTO public.funds VALUES ('bc808724-d4d4-4b12-816e-8698361faa74', 'GTWR11', 'FUNDO DE INVESTIMENTO IMOBILIARIO GREEN TOWERS', NULL, 'Tijolo', 'Escritórios', 'Renda', '2022-09-08 22:29:49.811', '2022-09-23 15:25:04.321');
INSERT INTO public.funds VALUES ('68ed54b6-735a-4f8d-9565-314275c7c70f', 'RBHG11', 'RIO BRAVO CRÉDITO IMOBILIÁRIO HIGH GRADE FUNDO DE INVESTIMENTO IMOBILIÁRIO', NULL, 'Papel', 'CRIs', 'Títulos e Val. Mob.', '2022-09-08 22:29:49.811', '2022-09-23 15:25:04.306');
INSERT INTO public.funds VALUES ('72cec678-2e7a-4144-a004-e56e9e2ed12c', 'RBHY11', 'RIO BRAVO CRÉDITO IMOBILIÁRIO HIGH YIELD FUNDO DE INVESTIMENTO IMOBILIÁRIO', NULL, 'Papel', 'CRIs', 'Títulos e Val. Mob.', '2022-09-08 22:29:49.811', '2022-09-23 15:25:04.306');
INSERT INTO public.funds VALUES ('4be19154-2408-4237-8d72-14b6aa8bf96e', 'RECX11', 'FUNDO DE INVESTIMENTO IMOBILIÁRIO REC FUNDO DE FUNDOS', NULL, 'Papel', 'Fundo de Fundos', 'Títulos e Val. Mob.', '2022-09-08 22:29:49.811', '2022-09-23 15:25:04.306');
INSERT INTO public.funds VALUES ('64142481-fcef-47d9-bc93-be98e36fdb8f', 'RBRR11', 'FUNDO DE INVESTIMENTO IMOBILIÁRIO - RBR RENDIMENTO HIGH GRADE', NULL, 'Papel', 'CRIs', 'Renda', '2022-09-08 22:29:49.811', '2022-09-23 15:25:04.306');
INSERT INTO public.funds VALUES ('fbc87ec6-5a5f-46da-9881-375a8bda3fe0', 'RBRF11', 'RBR ALPHA MULTIESTRATÉGIA REAL ESTATE FUNDO DE INVESTIMENTO IMOBILIÁRIO', NULL, 'Papel', 'Fundo de Fundos', 'Renda', '2022-09-08 22:29:49.811', '2022-09-23 15:25:04.306');
INSERT INTO public.funds VALUES ('afcca6ec-98ad-4259-95f6-be3236cc9637', 'RBRY11', 'FUNDO DE INVESTIMENTO IMOBILIÁRIO RBR PRIVATE CRÉDITO IMOBILIÁRIO', NULL, 'Papel', 'CRIs', 'Renda', '2022-09-08 22:29:49.811', '2022-09-23 15:25:04.306');
INSERT INTO public.funds VALUES ('128ef48e-3e29-46cd-b55b-309c63497ef8', 'RFOF11', 'FUNDO DE INVESTIMENTO IMOBILIÁRIO RB CAPITAL I FUNDO DE FUNDOS', NULL, 'Papel', 'Fundo de Fundos', 'Títulos e Val. Mob.', '2022-09-08 22:29:49.811', '2022-09-23 15:25:04.306');
INSERT INTO public.funds VALUES ('d64b753e-9245-4216-ab23-52e289c2c020', 'RBVO11', 'RIO BRAVO CRÉDITO IMOBILIÁRIO II FUNDO DE INVESTIMENTO IMOBILIÁRIO', NULL, 'Papel', 'CRIs', 'Renda', '2022-09-08 22:29:49.811', '2022-09-23 15:25:04.307');
INSERT INTO public.funds VALUES ('1b092d5a-78d3-4ac0-80ba-9adb064223ff', 'RNDP11', 'BB RENDA DE PAPÉIS IMOBILIÁRIOS FUNDO DE INVESTIMENTO IMOBILIÁRIO', NULL, 'Papel', 'CRIs', 'Títulos e Val. Mob.', '2022-09-08 22:29:49.811', '2022-09-23 15:25:04.307');
INSERT INTO public.funds VALUES ('ca88a5a8-79b6-479d-831c-8cda41ea5bab', 'SNFF11', 'SUNO FUNDO DE FUNDOS IMOBILIÁRIO', NULL, 'Papel', 'Fundo de Fundos', 'Títulos e Val. Mob.', '2022-09-08 22:29:49.811', '2022-09-23 15:25:04.307');
INSERT INTO public.funds VALUES ('c1533af3-9d3f-42cb-a58a-6fc454ed4c7f', 'RDPD11', 'BB RENDA DE PAPEIS IMOBILIÁRIOS II FUNDO DE INVESTIMENTO IMOBILIÁRIO', NULL, 'Papel', 'CRIs', 'Títulos e Val. Mob.', '2022-09-08 22:29:49.811', '2022-09-23 15:25:04.306');
INSERT INTO public.funds VALUES ('062df560-4477-4c51-a1ec-6b65adfc4bf9', 'RECR11', 'FUNDO DE INVESTIMENTO IMOBILIÁRIO - FII REC RECEBÍVEIS IMOBILIÁRIOS', NULL, 'Papel', 'CRIs', 'Renda', '2022-09-08 22:29:49.811', '2022-09-23 15:25:04.307');
INSERT INTO public.funds VALUES ('37d5f375-6f61-47b1-8f42-b957ae271ca3', 'SADI11', 'SANTANDER PAPEIS IMOBILIÁRIOS CDI FUNDO DE INVESTIMENTO IMOBILIÁRIO', NULL, 'Papel', 'CRIs', 'Títulos e Val. Mob.', '2022-09-08 22:29:49.811', '2022-09-23 15:25:04.307');
INSERT INTO public.funds VALUES ('546cec79-3807-4289-ace6-761024c2dbae', 'SRVD11', 'SERRA VERDE FUNDO DE INVESTIMENTO IMOBILIÁRIO', NULL, 'Indefinido', 'Indefinido', 'Títulos e Val. Mob.', '2022-09-08 22:29:49.811', '2022-09-23 15:25:04.308');
INSERT INTO public.funds VALUES ('5f80621b-bcdc-4afb-a0c6-39a6fa9855c5', 'RBIR11', 'RB CAPITAL DESENVOLVIMENTO RESIDENCIAL IV FUNDO DE INVESTIMENTO IMOBILIÁRIO', NULL, 'Tijolo', 'Desenvolvimento', 'Desenv. para venda', '2022-09-08 22:29:49.811', '2022-09-23 15:25:04.308');
INSERT INTO public.funds VALUES ('bcd53676-ec9f-4cf2-801b-de8004ddeec3', 'RRCI11', 'RB CAPITAL RECEBÍVEIS IMOBILIÁRIOS FUNDO DE INVESTIMENTO IMOBILIÁRIO', NULL, 'Papel', 'CRIs', 'Renda', '2022-09-08 22:29:49.811', '2022-09-23 15:25:04.308');
INSERT INTO public.funds VALUES ('c92ebcfa-01d9-4894-9a87-157b2c2622e9', 'SARE11', 'SANTANDER RENDA DE ALUGUÉIS FUNDO DE INVESTIMENTO IMOBILIÁRIO', NULL, 'Indefinido', 'Indefinido', 'Desenv. para renda', '2022-09-08 22:29:49.811', '2022-09-23 15:25:04.308');
INSERT INTO public.funds VALUES ('eb79ee69-0ea0-4df1-8e41-c14351856ad1', 'SNCI11', 'SUNO RECEBÍVEIS IMOBILIÁRIOS FUNDO DE INVESTIMENTO IMOBILIÁRIO', NULL, 'Papel', 'CRIs', 'Títulos e Val. Mob.', '2022-09-08 22:29:49.811', '2022-09-23 15:25:04.307');
INSERT INTO public.funds VALUES ('4e876eb9-f081-4eab-b33a-c69e2bb38389', 'RZAK11', 'RIZA AKIN FUNDO DE INVESTIMENTO IMOBILIÁRIO', NULL, 'Papel', 'CRIs', 'Títulos e Val. Mob.', '2022-09-08 22:29:49.811', '2022-09-23 15:25:04.312');
INSERT INTO public.funds VALUES ('4234c970-7f1e-4415-9b85-06de52ff4e40', 'VGIR11', 'VALORA RE III FUNDO DE INVESTIMENTO IMOBILIÁRIO', NULL, 'Papel', 'CRIs', 'Renda', '2022-09-08 22:29:49.811', '2022-09-23 15:25:04.312');
INSERT INTO public.funds VALUES ('a8b30025-bc66-49a1-9ff9-5716928fd2bc', 'LGCP11', 'LOGCP INTER FUNDO DE INVESTIMENTO IMOBILIÁRIO - FII', NULL, 'Tijolo', 'Galpões', 'Renda', '2022-09-08 22:29:49.811', '2022-09-23 15:25:04.324');
INSERT INTO public.funds VALUES ('337e7ae1-90fb-49d6-a055-b74af3ce2c8a', 'VCJR11', 'VECTIS JUROS REAL FUNDO DE INVESTIMENTO IMOBILIÁRIO', NULL, 'Papel', 'CRIs', 'Títulos e Val. Mob.', '2022-09-08 22:29:49.811', '2022-09-23 15:25:04.31');
INSERT INTO public.funds VALUES ('00591195-383e-47d7-b875-525da5bc12a6', 'VIFI11', 'VINCI INSTRUMENTOS FINANCEIROS FUNDO DE INVESTIMENTO IMOBILIÁRIO', NULL, 'Papel', 'Fundo de Fundos', 'Títulos e Val. Mob.', '2022-09-08 22:29:49.811', '2022-09-23 15:25:04.31');
INSERT INTO public.funds VALUES ('14a87d12-69f4-4ac7-b9ec-a4931b79d9e9', 'VRTA11', 'FATOR VERITA FUNDO DE INVESTIMENTO IMOBILIÁRIO', NULL, 'Papel', 'CRIs', 'Títulos e Val. Mob.', '2022-09-08 22:29:49.811', '2022-09-23 15:25:04.311');
INSERT INTO public.funds VALUES ('77d293ef-5511-46e7-9a39-365cdf3d5660', 'VGHF11', 'VALORA HEDGE FUND. FUNDO DE INVESTIMENTO IMOBILIÁRIO - FII', NULL, 'Papel', 'Híbrido', 'Híbridos', '2022-09-08 22:29:49.811', '2022-09-23 15:25:04.311');
INSERT INTO public.funds VALUES ('3d93b2d5-fa67-4c06-a8c8-05e5ec9c9a4c', 'VOTS11', 'VOTORANTIM SECURITIES MASTER FUNDO DE INVESTIMENTO IMOBILIÁRIO', NULL, 'Papel', 'CRIs', 'Títulos e Val. Mob.', '2022-09-08 22:29:49.811', '2022-09-23 15:25:04.311');
INSERT INTO public.funds VALUES ('73730e99-7344-4f78-8d46-d3fb1470d1b7', 'SPVJ11', 'FUNDO DE INVESTIMENTO IMOBILIÁRIO SUCCESPAR VAREJO', NULL, 'Indefinido', 'Indefinido', 'Híbridos', '2022-09-08 22:29:49.811', '2022-09-23 15:25:04.31');
INSERT INTO public.funds VALUES ('33b4659b-c3ee-4c98-9937-ea9467b1efea', 'VGIP11', 'VALORA CRI ÍNDICE DE PREÇO FUNDO DE INVESTIMENTO IMOBILIÁRIO', NULL, 'Papel', 'CRIs', 'Renda', '2022-09-08 22:29:49.811', '2022-09-23 15:25:04.311');
INSERT INTO public.funds VALUES ('9c65f9f3-5d85-4763-940a-283fcdf1cee0', 'VSLH11', 'VERSALHES RECEBÍVEIS IMOBILIÁRIOS - FUNDO DE INVESTIMENTO IMOBILIÁRIO', NULL, 'Papel', 'CRIs', 'Títulos e Val. Mob.', '2022-09-08 22:29:49.811', '2022-09-23 15:25:04.311');
INSERT INTO public.funds VALUES ('08694930-95f0-4bfd-941b-224c796184ad', 'XPCI11', 'XP CREDITO IMOBILIÁRIO - FUNDO DE INVESTIMENTO IMOBILIÁRIO', NULL, 'Papel', 'CRIs', 'Títulos e Val. Mob.', '2022-09-08 22:29:49.811', '2022-09-23 15:25:04.311');
INSERT INTO public.funds VALUES ('d4165976-d82b-4138-8117-11268dac7284', 'VJFD11', 'JFDCAM FUNDO DE INVESTIMENTO IMOBILIÁRIO', NULL, 'Indefinido', 'Indefinido', 'Renda', '2022-09-08 22:29:49.811', '2022-09-23 15:25:04.312');
INSERT INTO public.funds VALUES ('1e7c7f16-3f1e-4964-a011-65680422f398', 'ATSA11', 'HEDGE ATRIUM SHOPPING SANTO ANDRÉ FUNDO DE INVESTIMENTO IMOBILIÁRIO', NULL, 'Tijolo', 'Shoppings', 'Desenv. para renda', '2022-09-08 22:29:49.811', '2022-09-23 15:25:04.312');
INSERT INTO public.funds VALUES ('104ce746-9e2c-4843-a8be-277d57a5e3d3', 'XPSF11', 'XP SELECTION FUNDO DE FUNDOS DE INVESTIMENTO IMOBILIÁRIO', NULL, 'Papel', 'Fundo de Fundos', 'Títulos e Val. Mob.', '2022-09-08 22:29:49.811', '2022-09-23 15:25:04.312');
INSERT INTO public.funds VALUES ('40b608c3-3ea1-432d-b306-c0bac118f5a5', 'ABCP11', 'FUNDO DE INVESTIMENTO IMOBILIÁRIO GRAND PLAZA SHOPPING', NULL, 'Tijolo', 'Shoppings', 'Renda', '2022-09-08 22:29:49.811', '2022-09-23 15:25:04.313');
INSERT INTO public.funds VALUES ('8c6ee811-e0cf-4656-8eb9-6bca29eda3a2', 'AIEC11', 'AUTONOMY EDIFÍCIOS CORPORATIVOS FUNDO DE INVESTIMENTO IMOBILIÁRIO', NULL, 'Tijolo', 'Escritórios', 'Renda', '2022-09-08 22:29:49.811', '2022-09-23 15:25:04.313');
INSERT INTO public.funds VALUES ('5264f29d-d0cf-4b2a-b94d-12419dab7c65', 'ALMI11', 'FUNDO DE INVESTIMENTO IMOBILIÁRIO - TORRE ALMIRANTE', NULL, 'Tijolo', 'Escritórios', 'Renda', '2022-09-08 22:29:49.811', '2022-09-23 15:25:04.313');
INSERT INTO public.funds VALUES ('8c4f2b5b-f397-4736-b9b0-b6b7e73e722b', 'ALZR11', 'ALIANZA TRUST RENDA IMOBILIARIA - FUNDO DE INVESTIMENTO IMOBILIARIO', NULL, 'Tijolo', 'Híbrido', 'Renda', '2022-09-08 22:29:49.811', '2022-09-23 15:25:04.313');
INSERT INTO public.funds VALUES ('902fa0a2-39a2-4dab-a007-d42eb8f0c1f5', 'ARCT11', 'RIZA ARCTIUM REAL ESTATE FUNDO DE INVESTIMENTO IMOBILIÁRIO', NULL, 'Tijolo', 'Galpões', 'Renda', '2022-09-08 22:29:49.811', '2022-09-23 15:25:04.314');
INSERT INTO public.funds VALUES ('05058860-9f9b-4f42-98bb-80ea2970ee39', 'BTLG11', 'BTG PACTUAL LOGÍSTICA FUNDO DE INVESTIMENTO IMOBILIÁRIO', NULL, 'Tijolo', 'Galpões', 'Renda', '2022-09-08 22:29:49.811', '2022-09-23 15:25:04.315');
INSERT INTO public.funds VALUES ('2af0fbe9-5f39-4068-a5b7-d2619e5fed3d', 'CORM11', 'CORE METROPOLIS FUNDO DE INVESTIMENTO IMOBILIÁRIO', NULL, 'Indefinido', 'Indefinido', 'Híbridos', '2022-09-08 22:29:49.811', '2022-09-23 15:25:04.316');
INSERT INTO public.funds VALUES ('bb14e134-afdc-4784-8244-83f2418dab13', 'BBFI11B', 'BB FUNDO DE INVESTIMENTO IMOBILIÁRIO PROGRESSIVO', NULL, 'Tijolo', 'Escritórios', 'Renda', '2022-09-08 22:29:49.811', '2022-09-23 15:25:04.316');
INSERT INTO public.funds VALUES ('aec44794-cd6f-4336-ab6e-c9fb945cb749', 'BLCA11', 'BLUEMACAW CATUAÍ TRIPLE A FUNDO DE INVESTIMENTO IMOBILIÁRIO', NULL, 'Tijolo', 'Escritórios', 'Híbridos', '2022-09-08 22:29:49.811', '2022-09-23 15:25:04.313');
INSERT INTO public.funds VALUES ('7d22585b-f757-4836-8f1e-e0c60b33e4fc', 'BLMO11', 'BLUEMACAW OFFICE FUND II - FUNDO DE INVESTIMENTO IMOBILIÁRIO', NULL, 'Tijolo', 'Escritórios', 'Híbridos', '2022-09-08 22:29:49.811', '2022-09-23 15:25:04.314');
INSERT INTO public.funds VALUES ('753fa87c-e5f7-419a-9444-9b03678da8b7', 'BLMG11', 'BLUEMACAW LOGÍSTICA FUNDO DE INVESTIMENTO IMOBILIÁRIO', NULL, 'Tijolo', 'Galpões', 'Renda', '2022-09-08 22:29:49.811', '2022-09-23 15:25:04.314');
INSERT INTO public.funds VALUES ('591b01b7-f308-46a8-bd1a-5d06774d258d', 'BLCP11', 'BLUECAP RENDA LOGÍSTICA FUNDO DE INVESTIMENTO IMOBILIÁRIO', NULL, 'Tijolo', 'Galpões', 'Renda', '2022-09-08 22:29:49.811', '2022-09-23 15:25:04.314');
INSERT INTO public.funds VALUES ('579d041a-a67c-4519-9064-1b2ee87579aa', 'BBPO11', 'BB PROGRESSIVO II FUNDO DE INVESTIMENTO IMOBILIÁRIO - FII', NULL, 'Tijolo', 'Bancário', 'Renda', '2022-09-08 22:29:49.811', '2022-09-23 15:25:04.314');
INSERT INTO public.funds VALUES ('0931dc3b-5c84-46ed-908f-c7278bcf5b8f', 'BPML11', 'FUNDO DE INVESTIMENTO IMOBILIÁRIO BTG PACTUAL SHOPPINGS', NULL, 'Tijolo', 'Shoppings', 'Renda', '2022-09-08 22:29:49.811', '2022-09-23 15:25:04.314');
INSERT INTO public.funds VALUES ('c3d74033-4bca-43d7-8a0a-6aa7fe17a527', 'BMLC11', 'FUNDO DE INVESTIMENTO IMOBILIÁRIO BM BRASCAN LAJES CORPORATIVAS', NULL, 'Tijolo', 'Escritórios', 'Renda', '2022-09-08 22:29:49.811', '2022-09-23 15:25:04.314');
INSERT INTO public.funds VALUES ('14217ac8-93d5-4d32-a972-1e740e03d475', 'BRCR11', 'FUNDO DE INVESTIMENTO IMOBILIÁRIO - BTG PACTUAL CORPORATE OFFICE', NULL, 'Tijolo', 'Escritórios', 'Renda', '2022-09-08 22:29:49.811', '2022-09-23 15:25:04.314');
INSERT INTO public.funds VALUES ('7b71f91d-018c-4cdc-bee0-70c133480056', 'BRCO11', 'BRESCO LOGÍSTICA - FUNDO DE INVESTIMENTO IMOBILIÁRIO', NULL, 'Tijolo', 'Galpões', 'Híbridos', '2022-09-08 22:29:49.811', '2022-09-23 15:25:04.314');
INSERT INTO public.funds VALUES ('a5edc067-60d4-43d3-bc32-c24c9699ade3', 'BREV11', 'BRAZIL REAL ESTATE VICTORY FUND I - FUNDO DE INVESTIMENTO IMOBILIÁRIO', NULL, 'Tijolo', 'Escritórios', 'Renda', '2022-09-08 22:29:49.811', '2022-09-23 15:25:04.314');
INSERT INTO public.funds VALUES ('e7af14f7-575b-43d8-80d8-628f0268a8af', 'CBOP11', 'CASTELLO BRANCO OFFICE PARK FUNDO DE INVESTIMENTO IMOBILIÁRIO', NULL, 'Tijolo', 'Escritórios', 'Renda', '2022-09-08 22:29:49.811', '2022-09-23 15:25:04.315');
INSERT INTO public.funds VALUES ('d01085c9-22d1-4020-a25a-64a28676bb13', 'CXCO11', 'FUNDO DE INVESTIMENTO IMOBILIÁRIO CAIXA IMÓVEIS CORPORATIVOS', NULL, 'Tijolo', 'Escritórios', 'Renda', '2022-09-08 22:29:49.811', '2022-09-23 15:25:04.316');
INSERT INTO public.funds VALUES ('c1b7a67a-ef5f-43fe-b284-cb81ab13c3bf', 'EDFO11B', 'FUNDO DE INVESTIMENTO IMOBILIÁRIO EDIFÍCIO OUROINVEST', NULL, 'Tijolo', 'Escritórios', 'Renda', '2022-09-08 22:29:49.811', '2022-09-23 15:25:04.316');
INSERT INTO public.funds VALUES ('59f2c147-7981-40e3-9fb8-51d7bb2fd196', 'EDGA11', 'FUNDO DE INVESTIMENTO IMOBILIÁRIO - EDIFÍCIO GALERIA', NULL, 'Tijolo', 'Escritórios', 'Renda', '2022-09-08 22:29:49.811', '2022-09-23 15:25:04.317');
INSERT INTO public.funds VALUES ('1acbde03-974f-4db7-8737-b1ed5a75d5a5', 'EVBI11', 'VBI CONSUMO ESSENCIAL FUNDO DE INVESTIMENTO IMOBILIÁRIO', NULL, 'Tijolo', 'Outros', 'Renda', '2022-09-08 22:29:49.811', '2022-09-23 15:25:04.317');
INSERT INTO public.funds VALUES ('8690612d-a231-4322-8b47-da1e36eeced1', 'FAMB11B', 'FUNDO DE INVESTIMENTO IMOBILIÁRIO - EDIFÍCIO ALMIRANTE BARROSO', NULL, 'Tijolo', 'Escritórios', 'Renda', '2022-09-08 22:29:49.811', '2022-09-23 15:25:04.317');
INSERT INTO public.funds VALUES ('71cd3379-848d-4416-b2a7-676386dfbdb9', 'FAED11', 'FUNDO DE INVESTIMENTO IMOBILIÁRIO – FII ANHANGUERA EDUCACIONAL', NULL, 'Tijolo', 'Educacional', 'Renda', '2022-09-08 22:29:49.811', '2022-09-23 15:25:04.317');
INSERT INTO public.funds VALUES ('1a1b5b34-c344-45d6-a37a-c82652af19b1', 'EURO11', 'FUNDO DE INVESTIMENTO IMOBILIÁRIO EUROPAR', NULL, 'Tijolo', 'Galpões', 'Híbridos', '2022-09-08 22:29:49.811', '2022-09-23 15:25:04.317');
INSERT INTO public.funds VALUES ('13e8fc51-fbcc-4ff0-b44e-6df37e04d38c', 'FIGS11', 'GENERAL SHOPPING ATIVO E RENDA FUNDO DE INVESTIMENTO IMOBILIÁRIO', NULL, 'Tijolo', 'Shoppings', 'Renda', '2022-09-08 22:29:49.811', '2022-09-23 15:25:04.317');
INSERT INTO public.funds VALUES ('3a630408-23e8-46df-992d-a35a326b991e', 'FATN11', 'FUNDO DE INVESTIMENTO IMOBILIÁRIO ATHENA I', NULL, 'Tijolo', 'Escritórios', 'Renda', '2022-09-08 22:29:49.811', '2022-09-23 15:25:04.317');
INSERT INTO public.funds VALUES ('337a93c6-fa49-487c-abfb-9986697a5c34', 'ERPA11', 'EUROPA 105 - FUNDO DE INVESTIMENTO IMOBILIÁRIO', NULL, 'Tijolo', 'Escritórios', 'Renda', '2022-09-08 22:29:49.811', '2022-09-23 15:25:04.318');
INSERT INTO public.funds VALUES ('5921ad51-a28f-4582-b387-21951b1cfbd6', 'FCFL11', 'FUNDO DE INVESTIMENTO IMOBILIÁRIO – CAMPUS FARIA LIMA', NULL, 'Tijolo', 'Educacional', 'Renda', '2022-09-08 22:29:49.811', '2022-09-23 15:25:04.318');
INSERT INTO public.funds VALUES ('1a29d046-c8d6-4e8d-b729-5713b6775403', 'FIIB11', 'FUNDO DE INVESTIMENTO IMOBILIARIO INDUSTRIAL DO BRASIL', NULL, 'Tijolo', 'Galpões', 'Híbridos', '2022-09-08 22:29:49.811', '2022-09-23 15:25:04.318');
INSERT INTO public.funds VALUES ('31e74c36-5494-4e6f-964b-0aed4c5d0335', 'BBRC11', 'BB RENDA CORPORATIVA FUNDO DE INVESTIMENTO IMOBILIÁRIO', NULL, 'Tijolo', 'Bancário', 'Desenv. para renda', '2022-09-08 22:29:49.811', '2022-09-23 15:25:04.319');
INSERT INTO public.funds VALUES ('e9115606-a8b0-4a39-b19a-df9847857b59', 'FIIP11B', 'RB CAPITAL RENDA I FUNDO DE INVESTIMENTO IMOBILIÁRIO', NULL, 'Tijolo', 'Galpões', 'Renda', '2022-09-08 22:29:49.811', '2022-09-23 15:25:04.319');
INSERT INTO public.funds VALUES ('9f2dbca0-774f-4e75-958c-2eb6bbc78045', 'FISC11', 'FUNDO DE INVESTIMENTO IMOBILIÁRIO SC 401', NULL, 'Tijolo', 'Escritórios', 'Renda', '2022-09-08 22:29:49.811', '2022-09-23 15:25:04.319');
INSERT INTO public.funds VALUES ('b7b1fd3b-fa59-4001-9e5e-daf9611ca786', 'FIVN11', 'FUNDO DE INVESTIMENTO IMOBILIÁRIO VIDA NOVA', NULL, 'Tijolo', 'Shoppings', 'Renda', '2022-09-08 22:29:49.811', '2022-09-23 15:25:04.319');
INSERT INTO public.funds VALUES ('409a8dad-c918-41ee-9516-2d51009615df', 'FLMA11', 'FUNDO DE INVESTIMENTO IMOBILIÁRIO CONTINENTAL SQUARE FARIA LIMA', NULL, 'Tijolo', 'Escritórios', 'Renda', '2022-09-08 22:29:49.811', '2022-09-23 15:25:04.32');
INSERT INTO public.funds VALUES ('f3006ec4-507e-4db5-adfd-649f1049b6d7', 'FMOF11', 'FUNDO DE INVESTIMENTO IMOBILIÁRIO MEMORIAL OFFICE', NULL, 'Tijolo', 'Escritórios', 'Renda', '2022-09-08 22:29:49.811', '2022-09-23 15:25:04.32');
INSERT INTO public.funds VALUES ('d8c331d5-fa1c-4a84-9de7-67247ea7e5a3', 'FVPQ11', 'FUNDO DE INVESTIMENTO IMOBILIÁRIO VIA PARQUE SHOPPING', NULL, 'Tijolo', 'Shoppings', 'Renda', '2022-09-08 22:29:49.811', '2022-09-23 15:25:04.321');
INSERT INTO public.funds VALUES ('e7396763-a336-4c09-a385-209ec58126ec', 'GESE11B', 'FUNDO DE INVESTIMENTO IMOBILIÁRIO GENERAL SEVERIANO', NULL, 'Tijolo', 'Educacional', 'Renda', '2022-09-08 22:29:49.811', '2022-09-23 15:25:04.321');
INSERT INTO public.funds VALUES ('8d790f71-10d5-4e28-80e5-55ddd1ce1c3e', 'GALG11', 'GUARDIAN LOGÍSTICA FUNDO DE INVESTIMENTO IMOBILIÁRIO', NULL, 'Tijolo', 'Galpões', 'Híbridos', '2022-09-08 22:29:49.811', '2022-09-23 15:25:04.32');
INSERT INTO public.funds VALUES ('dc654651-a94c-41a2-815d-4581c7bd6bad', 'HAAA11', 'HEDGE AAA FUNDO DE INVESTIMENTO IMOBILIÁRIO', NULL, 'Tijolo', 'Escritórios', 'Renda', '2022-09-08 22:29:49.811', '2022-09-23 15:25:04.321');
INSERT INTO public.funds VALUES ('f21e10bd-073e-4a33-b17f-cd173d938192', 'HBRH11', 'FUNDO DE INVESTIMENTO IMOBILIÁRIO MULTI RENDA URBANA', NULL, 'Tijolo', 'Escritórios', 'Renda', '2022-09-08 22:29:49.811', '2022-09-23 15:25:04.321');
INSERT INTO public.funds VALUES ('09a3b716-0b6c-4c53-8da2-3bfc1328ef8f', 'HGBS11', 'HEDGE BRASIL SHOPPING FUNDO DE INVESTIMENTO IMOBILIÁRIO', NULL, 'Tijolo', 'Shoppings', 'Renda', '2022-09-08 22:29:49.811', '2022-09-23 15:25:04.321');
INSERT INTO public.funds VALUES ('07447cac-fcfe-4ea2-9807-7198dde4ae71', 'HCRI11', 'FUNDO DE INVESTIMENTO IMOBILIÁRIO - HOSPITAL DA CRIANÇA', NULL, 'Tijolo', 'Hospital', 'Renda', '2022-09-08 22:29:49.811', '2022-09-23 15:25:04.321');
INSERT INTO public.funds VALUES ('a35bb1f0-93b0-42a7-b247-ce9a5118e813', 'HGLG11', 'CSHG LOGÍSTICA - FUNDO DE INVESTIMENTO IMOBILIÁRIO', NULL, 'Tijolo', 'Galpões', 'Renda', '2022-09-08 22:29:49.811', '2022-09-23 15:25:04.321');
INSERT INTO public.funds VALUES ('c0f686f9-6c3b-40f8-a61f-1705d6a9123a', 'HLOG11', 'HEDGE LOGÍSTICA FUNDO DE INVESTIMENTO IMOBILIÁRIO', NULL, 'Tijolo', 'Galpões', 'Renda', '2022-09-08 22:29:49.811', '2022-09-23 15:25:04.322');
INSERT INTO public.funds VALUES ('eefb3dc0-a7a2-4ab0-a6a4-347764488aad', 'HGPO11', 'CSHG PRIME OFFICES - FUNDO DE INVESTIMENTO IMOBILIÁRIO', NULL, 'Tijolo', 'Escritórios', 'Renda', '2022-09-08 22:29:49.811', '2022-09-23 15:25:04.322');
INSERT INTO public.funds VALUES ('b176e682-0e1f-4040-8260-aef1ebf48614', 'HOSI11', 'FUNDO DE INVESTIMENTO IMOBILIÁRIO HOUSI', NULL, 'Tijolo', 'Outros', 'Híbridos', '2022-09-08 22:29:49.811', '2022-09-23 15:25:04.322');
INSERT INTO public.funds VALUES ('d362e64c-07cd-4a07-81d7-4213ccf1fe3f', 'HPDP11', 'HEDGE SHOPPING PARQUE DOM PEDRO FUNDO DE INVESTIMENTO IMOBILIÁRIO', NULL, 'Tijolo', 'Shoppings', 'Renda', '2022-09-08 22:29:49.811', '2022-09-23 15:25:04.322');
INSERT INTO public.funds VALUES ('18e4944e-6f64-4fa5-a747-034f71db7d2e', 'HGRE11', 'CSHG REAL ESTATE - FUNDO DE INVESTIMENTO IMOBILIÁRIO', NULL, 'Tijolo', 'Escritórios', 'Renda', '2022-09-08 22:29:49.811', '2022-09-23 15:25:04.322');
INSERT INTO public.funds VALUES ('f03771bc-44a1-42b4-8012-e592198193cb', 'HSML11', 'HSI MALLS FUNDO DE INVESTIMENTO IMOBILIÁRIO', NULL, 'Tijolo', 'Shoppings', 'Renda', '2022-09-08 22:29:49.811', '2022-09-23 15:25:04.322');
INSERT INTO public.funds VALUES ('2b97bf79-3130-4b4e-b61e-0fc4819a1452', 'HSLG11', 'HSI LOGÍSTICA FUNDO DE INVESTIMENTO IMOBILIÁRIO', NULL, 'Tijolo', 'Galpões', 'Renda', '2022-09-08 22:29:49.811', '2022-09-23 15:25:04.322');
INSERT INTO public.funds VALUES ('d0cc416d-db95-4383-8a7f-a8a4576f2c71', 'JRDM11', 'FUNDO DE INVESTIMENTO IMOBILIÁRIO SHOPPING JARDIM SUL', NULL, 'Tijolo', 'Shoppings', 'Renda', '2022-09-08 22:29:49.811', '2022-09-23 15:25:04.322');
INSERT INTO public.funds VALUES ('78d258f5-a3b8-4c81-a27e-06896af5c32e', 'HTMX11', 'FUNDOS INVESTIMENTO IMOBILÍARIOS FII HOTEL MAXINVEST', NULL, 'Tijolo', 'Hotéis', 'Renda', '2022-09-08 22:29:49.811', '2022-09-23 15:25:04.323');
INSERT INTO public.funds VALUES ('2630cd09-a3a6-453d-b3f0-05b1a0b36179', 'JFLL11', 'JFL LIVING FI IMOBILIÁRIO CLASSE UNICA', NULL, 'Tijolo', 'Outros', 'Renda', '2022-09-08 22:29:49.811', '2022-09-23 15:25:04.323');
INSERT INTO public.funds VALUES ('67e3456f-572a-4576-b6f7-398da6d9612c', 'KNSC11', 'KINEA SECURITIES FUNDO DE INVESTIMENTO IMOBILIÁRIO', NULL, 'Papel', 'CRIs', 'Renda', '2022-09-08 22:29:49.811', '2022-09-23 15:25:04.323');
INSERT INTO public.funds VALUES ('97ace075-19f6-410f-9d6d-7919e9cf167f', 'KNRI11', 'KINEA RENDA IMOBILIÁRIA FDO INV IMOB - FII', NULL, 'Tijolo', 'Híbrido', 'Híbridos', '2022-09-08 22:29:49.811', '2022-09-23 15:25:04.323');
INSERT INTO public.funds VALUES ('029abbff-b9dd-4bec-bf38-48a17520a5e8', 'HSRE11', 'HSI RENDA IMOBILIÁRIA FUNDO DE INVESTIMENTO IMOBILIÁRIO', NULL, 'Tijolo', 'Híbrido', 'Renda', '2022-09-08 22:29:49.811', '2022-09-23 15:25:04.322');
INSERT INTO public.funds VALUES ('52cdb97b-f670-4f39-a23b-054894fd2183', 'LFTT11', 'LOFT II FUNDO DE INVESTIMENTO IMOBILIÁRIO', NULL, 'Tijolo', 'Desenvolvimento', 'Híbridos', '2022-09-08 22:29:49.811', '2022-09-23 15:25:04.323');
INSERT INTO public.funds VALUES ('213d3ed9-9159-4ba3-a35b-774c5fae486d', 'HUSC11', 'FUNDO DE INVESTIMENTO IMOBILIÁRIO HOSPITAL UNIMED SUL CAPIXABA', NULL, 'Tijolo', 'Hospital', 'Desenv. para renda', '2022-09-08 22:29:49.811', '2022-09-23 15:25:04.324');
INSERT INTO public.funds VALUES ('3ea531e9-a2d4-4da3-a673-e68408243946', 'LASC11', 'LEGATUS SHOPPINGS FUNDO DE INVESTIMENTO IMOBILIÁRIO', NULL, 'Tijolo', 'Shoppings', 'Desenv. para renda', '2022-09-08 22:29:49.811', '2022-09-23 15:25:04.324');
INSERT INTO public.funds VALUES ('bdde7ddb-bf1c-414d-9541-92d59ed71a98', 'HGRS11', 'CSHG RESIDENCIAL FUNDO DE INVESTIMENTO IMOBILIÁRIO', NULL, 'Indefinido', 'Indefinido', 'Desenv. para renda', '2022-09-08 22:29:49.811', '2022-09-23 15:25:04.324');
INSERT INTO public.funds VALUES ('64d6d480-9085-4638-a146-726a934819fd', 'FLRP11', 'FUNDO DE INVESTIMENTO IMOBILIÁRIO - FLORIPA SHOPPING', NULL, 'Tijolo', 'Shoppings', 'Renda', '2022-09-08 22:29:49.811', '2022-09-23 15:25:04.333');
INSERT INTO public.funds VALUES ('9232a994-1d8d-4cfd-a535-b60aa22d9160', 'PATL11', 'PÁTRIA LOGÍSTICA FUNDO DE INVESTIMENTO IMOBILIÁRIO', NULL, 'Tijolo', 'Galpões', 'Desenv. para renda', '2022-09-08 22:29:49.811', '2022-09-23 15:25:04.33');
INSERT INTO public.funds VALUES ('b3451f26-af3f-4da6-9082-becb6f66e363', 'LUGG11', 'LUGGO FUNDO DE INVESTIMENTO IMOBILIÁRIO - FII', NULL, 'Tijolo', 'Outros', 'Renda', '2022-09-08 22:29:49.811', '2022-09-23 15:25:04.325');
INSERT INTO public.funds VALUES ('27997545-5ef0-47ee-952f-92bb634f37c1', 'LVBI11', 'FUNDO DE INVESTIMENTO IMOBILIÁRIO VBI LOGÍSTICO', NULL, 'Tijolo', 'Galpões', 'Renda', '2022-09-08 22:29:49.811', '2022-09-23 15:25:04.325');
INSERT INTO public.funds VALUES ('94143d65-d3de-4dfb-9c76-8d7c8d9639b6', 'MALL11', 'MALLS BRASIL PLURAL FUNDO DE INVESTIMENTO IMOBILIÁRIO', NULL, 'Tijolo', 'Shoppings', 'Renda', '2022-09-08 22:29:49.811', '2022-09-23 15:25:04.325');
INSERT INTO public.funds VALUES ('e1462da4-3ead-49e6-bd6c-5249bd1e3ff2', 'MAXR11', 'FUNDO DE INVESTIMENTO IMOBILIÁRIO - MAX RETAIL', NULL, 'Tijolo', 'Varejo', 'Renda', '2022-09-08 22:29:49.811', '2022-09-23 15:25:04.325');
INSERT INTO public.funds VALUES ('90af2b76-4cf7-4c5a-9e38-dcce984a9ced', 'MFII11', 'MÉRITO DESENVOLVIMENTO IMOBILIÁRIO - FUNDO DE INVESTIMENTO IMOBILIÁRIO', NULL, 'Tijolo', 'Desenvolvimento', 'Híbridos', '2022-09-08 22:29:49.811', '2022-09-23 15:25:04.325');
INSERT INTO public.funds VALUES ('40dd3229-47ed-480f-aca7-1c9745971644', 'MGHT11', 'FUNDO DE INVESTIMENTO IMOBILIÁRIO MOGNO HOTÉIS', NULL, 'Tijolo', 'Hotéis', 'Renda', '2022-09-08 22:29:49.811', '2022-09-23 15:25:04.325');
INSERT INTO public.funds VALUES ('28260614-aafa-41ed-871b-03fc23090ded', 'MBRF11', 'FUNDO DE INVESTIMENTO IMOBILIÁRIO MERCANTIL DO BRASIL', NULL, 'Tijolo', 'Escritórios', 'Renda', '2022-09-08 22:29:49.811', '2022-09-23 15:25:04.325');
INSERT INTO public.funds VALUES ('3ddd576c-55df-4e33-ab74-1078e495498f', 'NEWL11', 'NEWPORT LOGÍSTICA FUNDO DE INVESTIMENTO IMOBILIÁRIO', NULL, 'Tijolo', 'Galpões', 'Híbridos', '2022-09-08 22:29:49.811', '2022-09-23 15:25:04.326');
INSERT INTO public.funds VALUES ('a5f7a2c4-d50e-4049-be0d-f85c010026c3', 'NEWU11', 'NEWPORT RENDA URBANA FUNDO DE INVESTIMENTO IMOBILIÁRIO', NULL, 'Tijolo', 'Escritórios', 'Híbridos', '2022-09-08 22:29:49.811', '2022-09-23 15:25:04.326');
INSERT INTO public.funds VALUES ('2af0d353-1862-4982-8d4a-cb7ee0137620', 'NSLU11', 'FUNDO DE INVESTIMENTO IMOBILIÁRIO - HOSPITAL NOSSA SENHORA DE LOURDES', NULL, 'Tijolo', 'Hospital', 'Renda', '2022-09-08 22:29:49.811', '2022-09-23 15:25:04.326');
INSERT INTO public.funds VALUES ('4f2ec3e4-e21a-4d8c-9769-53506e5ef4ef', 'NVIF11B', 'NOVA I - FUNDO DE INVESTIMENTO IMOBILIÁRIO', NULL, 'Tijolo', 'Desenvolvimento', 'Híbridos', '2022-09-08 22:29:49.811', '2022-09-23 15:25:04.326');
INSERT INTO public.funds VALUES ('677e22a5-f7fc-477d-8955-c41829aaee3c', 'OULG11', 'FUNDO DE INVESTIMENTO IMOBILIÁRIO OURINVEST LOGÍSTICA', NULL, 'Tijolo', 'Galpões', 'Renda', '2022-09-08 22:29:49.811', '2022-09-23 15:25:04.327');
INSERT INTO public.funds VALUES ('ba0efa83-7bd4-4a70-8463-826de4f195b0', 'PLOG11', 'PLURAL LOGÍSTICA FUNDO DE INVESTIMENTO IMOBILIÁRIO', NULL, 'Tijolo', 'Galpões', 'Renda', '2022-09-08 22:29:49.811', '2022-09-23 15:25:04.327');
INSERT INTO public.funds VALUES ('324125c4-7f1c-4c79-ac80-22594e1afaa1', 'PATC11', 'PÁTRIA EDIFÍCIOS CORPORATIVOS FUNDO DE INVESTIMENTO IMOBILIÁRIO', NULL, 'Tijolo', 'Escritórios', 'Renda', '2022-09-08 22:29:49.811', '2022-09-23 15:25:04.327');
INSERT INTO public.funds VALUES ('5f3f7a37-b6ad-40a4-9c61-d5bfab70bc7b', 'PQDP11', 'FUNDO DE INVESTIMENTO IMOBILIÁRIO - PARQUE DOM PEDRO SHOPPING CENTER', NULL, 'Tijolo', 'Shoppings', 'Renda', '2022-09-08 22:29:49.811', '2022-09-23 15:25:04.328');
INSERT INTO public.funds VALUES ('82edd6cb-e63e-42f7-a590-5e6d61395aaf', 'RBCO11', 'RB CAPITAL OFFICE INCOME FUNDO DE INVESTIMENTO IMOBILIÁRIO', NULL, 'Tijolo', 'Escritórios', 'Renda', '2022-09-08 22:29:49.811', '2022-09-23 15:25:04.328');
INSERT INTO public.funds VALUES ('99f5cf8b-dff0-4f10-803c-fffe4169c328', 'PVBI11', 'FUNDO DE INVESTIMENTO IMOBILIÁRIO - VBI PRIME PROPERTIES', NULL, 'Tijolo', 'Escritórios', 'Renda', '2022-09-08 22:29:49.811', '2022-09-23 15:25:04.328');
INSERT INTO public.funds VALUES ('4bf7d541-4ebe-4a6e-88e8-8c52488ed4ec', 'RBGS11', 'RB CAPITAL GENERAL SHOPPING SULACAP FUNDO DE INVESTIMENTO IMOBILIÁRIO', NULL, 'Tijolo', 'Shoppings', 'Renda', '2022-09-08 22:29:49.811', '2022-09-23 15:25:04.328');
INSERT INTO public.funds VALUES ('da7987c4-f313-441c-9232-2c7d7f485e47', 'QAGR11', 'QUASAR AGRO - FUNDO DE INVESTIMENTO IMOBILIÁRIO', NULL, 'Tijolo', 'Outros', 'Renda', '2022-09-08 22:29:49.811', '2022-09-23 15:25:04.328');
INSERT INTO public.funds VALUES ('a31c8371-b2c5-462c-9c04-0c7c4540e773', 'RBRP11', 'FUNDO DE INVESTIMENTO IMOBILIÁRIO RBR PROPERTIES', NULL, 'Tijolo', 'Escritórios', 'Renda', '2022-09-08 22:29:49.811', '2022-09-23 15:25:04.328');
INSERT INTO public.funds VALUES ('6619d566-b4cb-4978-a3fd-dd7435a8989d', 'RBRD11', 'RB CAPITAL RENDA II FUNDO DE INVESTIMENTO IMOBILIÁRIO', NULL, 'Tijolo', 'Varejo', 'Renda', '2022-09-08 22:29:49.811', '2022-09-23 15:25:04.328');
INSERT INTO public.funds VALUES ('b36dbeeb-b5b8-4c71-8a70-4896fd9772eb', 'RBRS11', 'RIO BRAVO RENDA RESIDENCIAL FUNDO DE INVESTIMENTO IMOBILIÁRIO', NULL, 'Tijolo', 'Desenvolvimento', 'Renda', '2022-09-08 22:29:49.811', '2022-09-23 15:25:04.329');
INSERT INTO public.funds VALUES ('bdb3a685-aab9-4fbf-b08c-c3e41f8915b3', 'RBLG11', 'RB CAPITAL LOGÍSTICO FUNDO DE INVESTIMENTO IMOBILIÁRIO', NULL, 'Tijolo', 'Galpões', 'Renda', '2022-09-08 22:29:49.811', '2022-09-23 15:25:04.328');
INSERT INTO public.funds VALUES ('32bc66ed-e0f5-47b5-bb07-d0e1aeaaffcb', 'RBRL11', 'RBR LOG - FUNDO DE INVESTIMENTO IMOBILIÁRIO', NULL, 'Tijolo', 'Galpões', 'Híbridos', '2022-09-08 22:29:49.811', '2022-09-23 15:25:04.328');
INSERT INTO public.funds VALUES ('5f89de59-c1f7-476e-b399-88f62f07ab78', 'RCRB11', 'FUNDO DE INVESTIMENTO IMOBILIÁRIO - RIO BRAVO RENDA CORPORATIVA', NULL, 'Tijolo', 'Escritórios', 'Renda', '2022-09-08 22:29:49.811', '2022-09-23 15:25:04.329');
INSERT INTO public.funds VALUES ('435d9f7e-bb16-4c76-b2a7-7041b17c5288', 'PRSV11', 'FUNDO DE INVESTIMENTO IMOBILIÁRIO - PRESIDENTE VARGAS', NULL, 'Tijolo', 'Escritórios', 'Renda', '2022-09-08 22:29:49.811', '2022-09-23 15:25:04.329');
INSERT INTO public.funds VALUES ('9e10a6b2-72b0-445f-bba7-151e35cb8cef', 'RELG11', 'FUNDO DE INVESTIMENTO IMOBILIÁRIO REC LOGÍSTICA', NULL, 'Tijolo', 'Galpões', 'Híbridos', '2022-09-08 22:29:49.811', '2022-09-23 15:25:04.329');
INSERT INTO public.funds VALUES ('e1458b1f-a2f7-4490-9e47-b4e3718f724f', 'PABY11', 'FUNDO DE INVESTIMENTO IMOBILIÁRIO PANAMBY', NULL, 'Tijolo', 'Desenvolvimento', 'Desenv. para venda', '2022-09-08 22:29:49.811', '2022-09-23 15:25:04.329');
INSERT INTO public.funds VALUES ('2e500ced-7eae-4bed-a7d4-16f0b6e0eae8', 'RNGO11', 'FUNDO DE INVESTIMENTO IMOBILIÁRIO RIO NEGRO', NULL, 'Tijolo', 'Escritórios', 'Renda', '2022-09-08 22:29:49.811', '2022-09-23 15:25:04.33');
INSERT INTO public.funds VALUES ('73d086a9-19e7-4b74-b981-29f25378a2a7', 'RMAI11', 'REAG MULTI ATIVOS IMOBILIÁRIOS FUNDO DE INVESTIMENTO IMOBILIÁRIO', NULL, 'Tijolo', 'Escritórios', 'Renda', '2022-09-08 22:29:49.811', '2022-09-23 15:25:04.33');
INSERT INTO public.funds VALUES ('82ead6ec-91ac-4265-a049-e89df5d7337f', 'RECT11', 'FUNDO DE INVESTIMENTO IMOBILIÁRIO - UBS (BR) OFFICE', NULL, 'Indefinido', 'Indefinido', 'Híbridos', '2022-09-08 22:29:49.811', '2022-09-23 15:25:04.333');
INSERT INTO public.funds VALUES ('19fed61d-9eb6-4561-b600-955349f87bcc', 'BTWR11', 'BTOWERS - FUNDO DE INVESTIMENTO IMOBILIÁRIO', NULL, 'Tijolo', 'Escritórios', 'Renda', '2022-09-08 22:29:49.811', '2022-09-23 15:25:04.315');
INSERT INTO public.funds VALUES ('4733cafa-e6cb-42a3-9def-8022ca757114', 'GSFI11', 'GENERAL SHOP E OUTLETS DO BRASIL FUNDO DE INVESTIMENTO IMOBILIÁRIO', NULL, 'Tijolo', 'Shoppings', 'Renda', '2022-09-08 22:29:49.811', '2022-09-23 15:25:04.321');
INSERT INTO public.funds VALUES ('852cbc75-5b89-4af7-9295-944d6493529c', 'MGLG11', 'MOGNO LOGÍSTICA FUNDO DE INVESTIMENTO IMOBILIÁRIO', NULL, 'Tijolo', 'Galpões', 'Renda', '2022-09-08 22:29:49.811', '2022-09-23 15:25:04.326');
INSERT INTO public.funds VALUES ('e49d6964-bdd4-4524-b17f-d81727dcec1a', 'SCPF11', 'FUNDO DE INVESTIMENTO IMOBILIÁRIO SCP', NULL, 'Tijolo', 'Shoppings', 'Renda', '2022-09-08 22:29:49.811', '2022-09-23 15:25:04.33');
INSERT INTO public.funds VALUES ('ab576cd7-5f21-46cb-b098-6d8f3c34ae2a', 'STRX11', 'STARX FUNDO DE INVESTIMENTO IMOBILIÁRIO', NULL, 'Tijolo', 'Desenvolvimento', 'Híbridos', '2022-09-08 22:29:49.811', '2022-09-23 15:25:04.33');
INSERT INTO public.funds VALUES ('b08cb7ac-84f6-49ba-a896-9cb43b85bc5c', 'SDIL11', 'FUNDO DE INVESTIMENTO IMOBILIARIO SDI RIO BRAVO RENDA LOGÍSTICA', NULL, 'Tijolo', 'Galpões', 'Renda', '2022-09-08 22:29:49.811', '2022-09-23 15:25:04.33');
INSERT INTO public.funds VALUES ('2fcf3121-9ab9-4c19-afc1-c40cba7eff20', 'TRNT11', 'FUNDO DE INVESTIMENTO IMOBILIÁRIO - TORRE NORTE', NULL, 'Tijolo', 'Escritórios', 'Renda', '2022-09-08 22:29:49.811', '2022-09-23 15:25:04.33');
INSERT INTO public.funds VALUES ('f3ec5f25-d301-4f7f-be35-dae7f62ba616', 'TGAR11', 'FUNDO DE INVESTIMENTO IMOBILIARIO TG ATIVO REAL', NULL, 'Tijolo', 'Desenvolvimento', 'Híbridos', '2022-09-08 22:29:49.811', '2022-09-23 15:25:04.33');
INSERT INTO public.funds VALUES ('6ab59a26-9dda-4c03-b96e-68f1d30bfd66', 'TEPP11', 'TELLUS PROPERTIES FUNDO DE INVESTIMENTO IMOBILIÁRIO', NULL, 'Tijolo', 'Escritórios', 'Renda', '2022-09-08 22:29:49.811', '2022-09-23 15:25:04.33');
INSERT INTO public.funds VALUES ('caa5ea66-64f9-4f1a-8472-1bbc6f804da0', 'SPTW11', 'SP Downtown Fundo de Investimento', NULL, 'Tijolo', 'Escritórios', 'Renda', '2022-09-08 22:29:49.811', '2022-09-23 15:25:04.331');
INSERT INTO public.funds VALUES ('543e399e-e6e4-48f9-926c-8f5e332d337d', 'SHPH11', 'FUNDO DE INVESTIMENTO IMOBILIÁRIO SHOPPING PÁTIO HIGIENÓPOLIS', NULL, 'Tijolo', 'Shoppings', 'Renda', '2022-09-08 22:29:49.811', '2022-09-23 15:25:04.33');
INSERT INTO public.funds VALUES ('f1628da2-6cc3-487e-8571-28a35e11cce7', 'TRXF11', 'TRX REAL ESTATE FUNDO DE INVESTIMENTO IMOBILIÁRIO', NULL, 'Tijolo', 'Outros', 'Renda', '2022-09-08 22:29:49.811', '2022-09-23 15:25:04.331');
INSERT INTO public.funds VALUES ('eb9a4336-6926-459f-87bb-e5693734b5e1', 'URPR11', 'URCA PRIME RENDA FUNDO DE INVESTIMENTO IMOBILIÁRIO', NULL, 'Papel', 'CRIs', 'Híbridos', '2022-09-08 22:29:49.811', '2022-09-23 15:25:04.331');
INSERT INTO public.funds VALUES ('c09913fe-4c63-4b71-b197-5601b372c014', 'VCRR11', 'VECTIS RENDA RESIDENCIAL FUNDO DE INVESTIMENTO IMOBILIÁRIO', NULL, 'Tijolo', 'Outros', 'Renda', '2022-09-08 22:29:49.811', '2022-09-23 15:25:04.331');
INSERT INTO public.funds VALUES ('11c3a693-510a-498d-8065-2ffefa1e6283', 'VILG11', 'VINCI LOGÍSTICA FUNDO DE INVESTIMENTO IMOBILIÁRIO', NULL, 'Tijolo', 'Galpões', 'Renda', '2022-09-08 22:29:49.811', '2022-09-23 15:25:04.331');
INSERT INTO public.funds VALUES ('04a90f6b-847c-4584-9518-2968f680dfc2', 'VINO11', 'VINCI OFFICES FUNDO DE INVESTIMENTO IMOBILIÁRIO', NULL, 'Tijolo', 'Escritórios', 'Renda', '2022-09-08 22:29:49.811', '2022-09-23 15:25:04.331');
INSERT INTO public.funds VALUES ('4302a55f-c1c8-424b-9a77-0dfa8b1dd3eb', 'VLOL11', 'FUNDO DE INVESTIMENTO IMOBILIÁRIO - VILA OLÍMPIA CORPORATE', NULL, 'Tijolo', 'Escritórios', 'Renda', '2022-09-08 22:29:49.811', '2022-09-23 15:25:04.332');
INSERT INTO public.funds VALUES ('5be7f940-0b47-441a-ad75-89a8a077ab92', 'VSHO11', 'FUNDO DE INVESTIMENTO IMOBILIÁRIO VOTORANTIM SHOPPING', NULL, 'Tijolo', 'Shoppings', 'Renda', '2022-09-08 22:29:49.811', '2022-09-23 15:25:04.332');
INSERT INTO public.funds VALUES ('381ef9c9-3b4b-4d27-9da6-7140a434258b', 'VTLT11', 'FUNDO DE INVESTIMENTO IMOBILIÁRIO VOTORANTIM LOGÍSTICA', NULL, 'Tijolo', 'Galpões', 'Renda', '2022-09-08 22:29:49.811', '2022-09-23 15:25:04.332');
INSERT INTO public.funds VALUES ('dd4e84f0-31cc-4259-9d9e-966f58f48998', 'VISC11', 'VINCI SHOPPING CENTERS FUNDO DE INVESTIMENTO IMOBILIÁRIO', NULL, 'Tijolo', 'Shoppings', 'Renda', '2022-09-08 22:29:49.811', '2022-09-23 15:25:04.332');
INSERT INTO public.funds VALUES ('d7fdd4c0-9ca7-4c7d-8900-bf88e0aa92c4', 'VIUR11', 'VINCI IMÓVEIS URBANOS FUNDO DE INVESTIMENTO IMOBILIÁRIO', NULL, 'Tijolo', 'Outros', 'Renda', '2022-09-08 22:29:49.811', '2022-09-23 15:25:04.332');
INSERT INTO public.funds VALUES ('59ff5be2-4992-488f-aac0-84823e9e2389', 'VXXV11', 'VX XVI - FUNDO DE INVESTIMENTO IMOBILIÁRIO', NULL, 'Tijolo', 'Outros', 'Renda', '2022-09-08 22:29:49.811', '2022-09-23 15:25:04.332');
INSERT INTO public.funds VALUES ('9784870e-9acc-45d1-8279-135ff06b779f', 'VVPR11', 'FUNDO DE INVESTIMENTO IMOBILIÁRIO - V2 PROPERTIES', NULL, 'Tijolo', 'Escritórios', 'Renda', '2022-09-08 22:29:49.811', '2022-09-23 15:25:04.332');
INSERT INTO public.funds VALUES ('8ad11bb9-9d98-43d9-be99-eb54b26d441c', 'WPLZ11', 'FUNDO DE INVESTIMENTO IMOBILIÁRIO - SHOPPING WEST PLAZA', NULL, 'Tijolo', 'Shoppings', 'Renda', '2022-09-08 22:29:49.811', '2022-09-23 15:25:04.332');
INSERT INTO public.funds VALUES ('eafa49dc-9d6a-4c5c-9397-489d4dae4a5b', 'WTSP11B', 'FUNDO DE INVESTIMENTO IMOBILIÁRIO - OURINVEST RE I', NULL, 'Tijolo', 'Híbrido', 'Renda', '2022-09-08 22:29:49.811', '2022-09-23 15:25:04.332');
INSERT INTO public.funds VALUES ('5d9ea529-f98c-43d6-9640-ede5e87bf0f0', 'XPCM11', 'XP CORPORATE MACAÉ FUNDO DE INVESTIMENTO IMOBILIÁRIO', NULL, 'Tijolo', 'Escritórios', 'Renda', '2022-09-08 22:29:49.811', '2022-09-23 15:25:04.333');
INSERT INTO public.funds VALUES ('5c351514-1a2c-44f0-82a0-f2facc98b688', 'XPHT11', 'XP HOTÉIS - FUNDO DE INVESTIMENTO IMOBILIÁRIO', NULL, 'Tijolo', 'Hotéis', 'Renda', '2022-09-08 22:29:49.811', '2022-09-23 15:25:04.333');
INSERT INTO public.funds VALUES ('c3e23611-4766-4996-bedc-d72b52cdcaa6', 'XPLG11', 'XP LOG FUNDO DE INVESTIMENTO IMOBILIÁRIO', NULL, 'Tijolo', 'Galpões', 'Híbridos', '2022-09-08 22:29:49.811', '2022-09-23 15:25:04.333');
INSERT INTO public.funds VALUES ('5110e357-6a8d-4799-820b-739cabda59f0', 'XPML11', 'XP Malls Fundo de Investimento Imobiliario - Fii', NULL, 'Tijolo', 'Shoppings', 'Renda', '2022-09-08 22:29:49.811', '2022-09-23 15:25:04.333');
INSERT INTO public.funds VALUES ('74d72018-19d2-49d0-afbd-23b0bd50871a', 'XPIN11', 'XP INDUSTRIAL FUNDO DE INVESTIMENTO IMOBILIARIO', NULL, 'Tijolo', 'Galpões', 'Renda', '2022-09-08 22:29:49.811', '2022-09-23 15:25:04.333');
INSERT INTO public.funds VALUES ('e7768050-d650-458b-91e2-4ee5de8060a4', 'XPPR11', 'XP Properties Fundo de Investimento Imobiliario', NULL, 'Tijolo', 'Escritórios', 'Renda', '2022-09-08 22:29:49.811', '2022-09-23 15:25:04.333');
INSERT INTO public.funds VALUES ('09678923-99e6-417a-b443-39fd84de9a7f', 'XTED11', 'TRX EDIFICIOS CORPORATIVOS FUNDO DE INVESTIMENTO IMOBILIARIO - FII', NULL, 'Tijolo', 'Escritórios', 'Renda', '2022-09-08 22:29:49.811', '2022-09-23 15:25:04.333');


--
-- TOC entry 3049 (class 0 OID 42558)
-- Dependencies: 205
-- Data for Name: radars; Type: TABLE DATA; Schema: public; Owner: postgres
--



--
-- TOC entry 3048 (class 0 OID 24775)
-- Dependencies: 204
-- Data for Name: transactions; Type: TABLE DATA; Schema: public; Owner: postgres
--

INSERT INTO public.transactions VALUES ('600319f0-d61d-4fbb-9322-39d3d3513e2a', 1, '2022-06-14 03:00:00', NULL, '2022-09-08 23:11:11.535', '2022-09-08 23:11:11.536', '05058860-9f9b-4f42-98bb-80ea2970ee39', 'e2ba35c3-f6be-4205-ad76-9cd532601bfa', 101.64);
INSERT INTO public.transactions VALUES ('e1e231d3-adec-4a2c-97ff-82b03b6cf23e', 23, '2022-08-24 03:00:00', NULL, '2022-09-08 23:11:11.534', '2022-09-08 23:11:11.536', '05058860-9f9b-4f42-98bb-80ea2970ee39', 'e2ba35c3-f6be-4205-ad76-9cd532601bfa', 101.71);
INSERT INTO public.transactions VALUES ('ff283296-f765-4823-b9bb-012891ea88d1', 3, '2022-05-10 03:00:00', NULL, '2022-09-08 23:11:11.534', '2022-09-08 23:11:11.536', '46548bc4-f54f-4b7c-a26e-bdf9cf4c625f', 'e2ba35c3-f6be-4205-ad76-9cd532601bfa', 95.5);
INSERT INTO public.transactions VALUES ('6edc1c4c-13bc-4dcc-be0b-602d1085ff6b', 36, '2022-08-24 03:00:00', NULL, '2022-09-08 23:11:11.534', '2022-09-08 23:11:11.536', '2c0bb96c-e964-42e4-ace6-b030b73acc6c', 'e2ba35c3-f6be-4205-ad76-9cd532601bfa', 89.53);
INSERT INTO public.transactions VALUES ('6b156574-5741-4423-9f68-ba55677a3a6e', 10, '2022-07-11 03:00:00', NULL, '2022-09-08 23:11:11.535', '2022-09-08 23:11:11.536', '77d293ef-5511-46e7-9a39-365cdf3d5660', 'e2ba35c3-f6be-4205-ad76-9cd532601bfa', 9.75);
INSERT INTO public.transactions VALUES ('8fea5d39-df59-46b3-85c0-0bb4722dbeb6', 300, '2022-08-05 03:00:00', NULL, '2022-09-08 23:11:11.535', '2022-09-08 23:11:11.536', '2a4ecb98-5098-48ab-ac61-acb1b8954a96', 'e2ba35c3-f6be-4205-ad76-9cd532601bfa', 9.8);
INSERT INTO public.transactions VALUES ('f194f2b5-49b1-4f8b-9fb1-62a11b491cc9', 1, '2022-03-21 03:00:00', NULL, '2022-09-08 23:11:11.534', '2022-09-08 23:11:11.536', 'eb79ee69-0ea0-4df1-8e41-c14351856ad1', 'e2ba35c3-f6be-4205-ad76-9cd532601bfa', 101.92);
INSERT INTO public.transactions VALUES ('fba08987-61e4-46f3-a4d2-3b7e28065bac', 1, '2022-08-25 03:00:00', NULL, '2022-09-08 23:11:11.54', '2022-09-08 23:11:11.54', '46548bc4-f54f-4b7c-a26e-bdf9cf4c625f', 'e2ba35c3-f6be-4205-ad76-9cd532601bfa', 97.55);
INSERT INTO public.transactions VALUES ('8f5cae95-8df7-41d7-8a21-64c66b569b6c', 64, '2022-08-25 03:00:00', NULL, '2022-09-08 23:11:11.54', '2022-09-08 23:11:11.54', '7b71f91d-018c-4cdc-bee0-70c133480056', 'e2ba35c3-f6be-4205-ad76-9cd532601bfa', 105);
INSERT INTO public.transactions VALUES ('f6ab53c0-afe3-4103-bbc5-63e726e7c077', 34, '2022-08-25 03:00:00', NULL, '2022-09-08 23:11:11.539', '2022-09-08 23:11:11.54', '11c3a693-510a-498d-8065-2ffefa1e6283', 'e2ba35c3-f6be-4205-ad76-9cd532601bfa', 106.7);
INSERT INTO public.transactions VALUES ('6f186ada-b71e-4637-a955-41252f71e441', 2, '2022-06-14 03:00:00', NULL, '2022-09-08 23:11:11.535', '2022-09-08 23:11:11.536', '40b608c3-3ea1-432d-b306-c0bac118f5a5', 'e2ba35c3-f6be-4205-ad76-9cd532601bfa', 72.5);
INSERT INTO public.transactions VALUES ('997ef911-ee67-43ba-8c57-f2279e437cd6', 42, '2022-09-06 03:00:00', NULL, '2022-09-08 23:11:11.54', '2022-09-08 23:11:11.54', 'c050ea9e-2f8d-4ebd-bcc1-1d5742335bd0', 'e2ba35c3-f6be-4205-ad76-9cd532601bfa', 102.03);
INSERT INTO public.transactions VALUES ('cd958f9a-fc49-4247-8ed6-1546baf918ef', 61, '2022-09-26 03:00:00', NULL, '2022-09-26 14:31:07.274', '2022-09-26 23:11:11.536', 'dd4e84f0-31cc-4259-9d9e-966f58f48998', 'e2ba35c3-f6be-4205-ad76-9cd532601bfa', 109.72);
INSERT INTO public.transactions VALUES ('6b3da58e-8355-427a-9bec-b36ff7f09532', 22, '2022-09-13 03:00:00', NULL, '2022-09-26 20:20:57.901', '2022-09-26 20:39:18.394', '7b71f91d-018c-4cdc-bee0-70c133480056', '020d1f46-f4bb-4722-b0f2-16d25f3dae25', 23);
INSERT INTO public.transactions VALUES ('088774f0-2edb-47ba-95c8-435b1a2d9116', 23, '2022-09-20 03:00:00', NULL, '2022-09-26 20:20:57.901', '2022-09-26 20:39:18.395', '2a4ecb98-5098-48ab-ac61-acb1b8954a96', '020d1f46-f4bb-4722-b0f2-16d25f3dae25', 2232);
INSERT INTO public.transactions VALUES ('0351c0e1-a3a9-41a7-9ded-353e71b9bd58', 9, '2022-09-02 03:00:00', NULL, '2022-09-22 14:26:05.861', '2022-09-22 14:26:05.863', '7b71f91d-018c-4cdc-bee0-70c133480056', '66224e0e-c8b8-4628-9b22-821267493e0f', 109.4);
INSERT INTO public.transactions VALUES ('a0bcaa7c-462d-4407-b4a3-eba56e8abffa', 6, '2022-09-02 03:00:00', NULL, '2022-09-22 14:26:05.861', '2022-09-22 14:26:05.863', '18e4944e-6f64-4fa5-a747-034f71db7d2e', '66224e0e-c8b8-4628-9b22-821267493e0f', 139.92);
INSERT INTO public.transactions VALUES ('7557c743-bd15-45cc-a729-b3334c13de88', 6, '2022-09-02 03:00:00', NULL, '2022-09-22 14:26:05.861', '2022-09-22 14:26:05.863', '05058860-9f9b-4f42-98bb-80ea2970ee39', '66224e0e-c8b8-4628-9b22-821267493e0f', 103.59);
INSERT INTO public.transactions VALUES ('857ab7ae-b861-4da1-8e1f-62df7be95754', 5, '2022-09-02 03:00:00', NULL, '2022-09-22 14:26:05.861', '2022-09-22 14:26:05.863', '30a2bbfa-ac02-4ec1-b5ad-6ec96d23f47c', '66224e0e-c8b8-4628-9b22-821267493e0f', 103.5);
INSERT INTO public.transactions VALUES ('f2a67a48-70d5-4d90-af87-73856f4193fd', 4, '2022-09-02 03:00:00', NULL, '2022-09-22 14:26:05.861', '2022-09-22 14:26:05.863', '92faffdf-59b3-4167-89ef-38ab5e7fa320', '66224e0e-c8b8-4628-9b22-821267493e0f', 127.8);
INSERT INTO public.transactions VALUES ('4a6a718a-191b-4f56-8cc1-d5dc713c819d', 6, '2022-09-02 03:00:00', NULL, '2022-09-22 14:26:05.861', '2022-09-22 14:26:05.863', '7c65c7b8-42ad-4a1e-8764-65dbb2c8d3f1', '66224e0e-c8b8-4628-9b22-821267493e0f', 85.9);
INSERT INTO public.transactions VALUES ('d8339135-883a-4225-8c2a-9ead3e4c141f', 3, '2022-09-02 03:00:00', NULL, '2022-09-22 14:26:05.861', '2022-09-22 14:26:05.863', '2c0bb96c-e964-42e4-ace6-b030b73acc6c', '66224e0e-c8b8-4628-9b22-821267493e0f', 91);
INSERT INTO public.transactions VALUES ('e0177c6a-bdcc-47b8-8751-be7583dd8fdb', 4, '2022-09-02 03:00:00', NULL, '2022-09-22 14:26:05.861', '2022-09-22 14:26:05.863', '14217ac8-93d5-4d32-a972-1e740e03d475', '66224e0e-c8b8-4628-9b22-821267493e0f', 70.12);
INSERT INTO public.transactions VALUES ('936f2eec-4f8a-48e8-81da-246f8f082745', 2, '2022-09-02 03:00:00', NULL, '2022-09-22 14:26:05.861', '2022-09-22 14:26:05.863', 'afcca6ec-98ad-4259-95f6-be3236cc9637', '66224e0e-c8b8-4628-9b22-821267493e0f', 103.24);
INSERT INTO public.transactions VALUES ('180bf45b-6d05-403b-8029-d2183bb59904', 2, '2022-09-02 03:00:00', NULL, '2022-09-22 14:26:05.861', '2022-09-22 14:26:05.863', 'c050ea9e-2f8d-4ebd-bcc1-1d5742335bd0', '66224e0e-c8b8-4628-9b22-821267493e0f', 101.92);
INSERT INTO public.transactions VALUES ('0e4ea03e-5b32-4535-a5b3-7890d27e98ee', 10, '2022-08-04 03:00:00', NULL, '2022-09-22 14:26:05.861', '2022-09-22 14:26:05.863', '7b71f91d-018c-4cdc-bee0-70c133480056', '66224e0e-c8b8-4628-9b22-821267493e0f', 100);
INSERT INTO public.transactions VALUES ('a4e015e5-9967-4290-af9e-6908423dae6d', 6, '2022-08-04 03:00:00', NULL, '2022-09-22 14:26:05.861', '2022-09-22 14:26:05.863', '18e4944e-6f64-4fa5-a747-034f71db7d2e', '66224e0e-c8b8-4628-9b22-821267493e0f', 124.5);
INSERT INTO public.transactions VALUES ('23966caf-1976-47fd-96ca-4876999dc17d', 6, '2022-08-04 03:00:00', NULL, '2022-09-22 14:26:05.861', '2022-09-22 14:26:05.863', '05058860-9f9b-4f42-98bb-80ea2970ee39', '66224e0e-c8b8-4628-9b22-821267493e0f', 100.2);
INSERT INTO public.transactions VALUES ('822c00c9-9540-4653-9b95-570ebddf7a21', 5, '2022-08-04 03:00:00', NULL, '2022-09-22 14:26:05.861', '2022-09-22 14:26:05.863', '30a2bbfa-ac02-4ec1-b5ad-6ec96d23f47c', '66224e0e-c8b8-4628-9b22-821267493e0f', 102.93);
INSERT INTO public.transactions VALUES ('100246dd-a282-420f-9bad-2bae2281f64d', 5, '2022-08-04 03:00:00', NULL, '2022-09-22 14:26:05.861', '2022-09-22 14:26:05.863', '92faffdf-59b3-4167-89ef-38ab5e7fa320', '66224e0e-c8b8-4628-9b22-821267493e0f', 119);
INSERT INTO public.transactions VALUES ('d1d92475-c4bc-4442-aa18-19fd7d4e94aa', 7, '2022-08-04 03:00:00', NULL, '2022-09-22 14:26:05.861', '2022-09-22 14:26:05.863', '7c65c7b8-42ad-4a1e-8764-65dbb2c8d3f1', '66224e0e-c8b8-4628-9b22-821267493e0f', 75.59);
INSERT INTO public.transactions VALUES ('b4875ff9-0de9-4f59-9bdb-46d8b32a42c3', 3, '2022-08-04 03:00:00', NULL, '2022-09-22 14:26:05.861', '2022-09-22 14:26:05.863', '2c0bb96c-e964-42e4-ace6-b030b73acc6c', '66224e0e-c8b8-4628-9b22-821267493e0f', 89.16);
INSERT INTO public.transactions VALUES ('79ee9a1d-804e-4c1f-9934-7e01a95d25c5', 5, '2022-08-04 03:00:00', NULL, '2022-09-22 14:26:05.861', '2022-09-22 14:26:05.863', '14217ac8-93d5-4d32-a972-1e740e03d475', '66224e0e-c8b8-4628-9b22-821267493e0f', 57.77);
INSERT INTO public.transactions VALUES ('dcde07a9-d975-4914-a807-01b6edecfe92', 2, '2022-08-04 03:00:00', NULL, '2022-09-22 14:26:05.861', '2022-09-22 14:26:05.863', 'afcca6ec-98ad-4259-95f6-be3236cc9637', '66224e0e-c8b8-4628-9b22-821267493e0f', 102.48);
INSERT INTO public.transactions VALUES ('daff302f-64d1-4fef-8442-53f8e8260e14', 2, '2022-08-04 03:00:00', NULL, '2022-09-22 14:26:05.861', '2022-09-22 14:26:05.863', 'c050ea9e-2f8d-4ebd-bcc1-1d5742335bd0', '66224e0e-c8b8-4628-9b22-821267493e0f', 101.75);
INSERT INTO public.transactions VALUES ('ce6ee235-0c78-464c-b787-a0b46d8b3ee8', 10, '2022-07-04 03:00:00', NULL, '2022-09-22 14:26:05.861', '2022-09-22 14:26:05.863', '7b71f91d-018c-4cdc-bee0-70c133480056', '66224e0e-c8b8-4628-9b22-821267493e0f', 98.58);
INSERT INTO public.transactions VALUES ('7c93fbfc-6498-4d86-8f8d-c37bd8507cf9', 6, '2022-07-04 03:00:00', NULL, '2022-09-22 14:26:05.861', '2022-09-22 14:26:05.863', '18e4944e-6f64-4fa5-a747-034f71db7d2e', '66224e0e-c8b8-4628-9b22-821267493e0f', 131);
INSERT INTO public.transactions VALUES ('6c2d9f5c-330a-4efe-8416-0b532fa7a1a6', 6, '2022-07-04 03:00:00', NULL, '2022-09-22 14:26:05.861', '2022-09-22 14:26:05.863', '05058860-9f9b-4f42-98bb-80ea2970ee39', '66224e0e-c8b8-4628-9b22-821267493e0f', 99.49);
INSERT INTO public.transactions VALUES ('04fb8783-169c-4e66-aa17-16dd0c5810df', 5, '2022-07-04 03:00:00', NULL, '2022-09-22 14:26:05.861', '2022-09-22 14:26:05.863', '30a2bbfa-ac02-4ec1-b5ad-6ec96d23f47c', '66224e0e-c8b8-4628-9b22-821267493e0f', 103.96);
INSERT INTO public.transactions VALUES ('5398f6ec-ca14-486f-aa31-3f3e8c6c6f35', 5, '2022-07-04 03:00:00', NULL, '2022-09-22 14:26:05.861', '2022-09-22 14:26:05.863', '92faffdf-59b3-4167-89ef-38ab5e7fa320', '66224e0e-c8b8-4628-9b22-821267493e0f', 117.87);
INSERT INTO public.transactions VALUES ('db5d174d-7c9e-4e56-928f-41b851dee863', 7, '2022-07-04 03:00:00', NULL, '2022-09-22 14:26:05.861', '2022-09-22 14:26:05.863', '7c65c7b8-42ad-4a1e-8764-65dbb2c8d3f1', '66224e0e-c8b8-4628-9b22-821267493e0f', 77.47);
INSERT INTO public.transactions VALUES ('dfdf5118-9202-4520-8f34-b5f771833b85', 3, '2022-07-04 03:00:00', NULL, '2022-09-22 14:26:05.861', '2022-09-22 14:26:05.863', '2c0bb96c-e964-42e4-ace6-b030b73acc6c', '66224e0e-c8b8-4628-9b22-821267493e0f', 91.61);
INSERT INTO public.transactions VALUES ('fd6269f5-2385-4de6-84a4-6eff8b9059fc', 5, '2022-07-04 03:00:00', NULL, '2022-09-22 14:26:05.861', '2022-09-22 14:26:05.863', '14217ac8-93d5-4d32-a972-1e740e03d475', '66224e0e-c8b8-4628-9b22-821267493e0f', 59.99);
INSERT INTO public.transactions VALUES ('6dfdf353-c572-4ca5-95af-1bf8cdc86e6c', 2, '2022-07-04 03:00:00', NULL, '2022-09-22 14:26:05.861', '2022-09-22 14:26:05.863', 'afcca6ec-98ad-4259-95f6-be3236cc9637', '66224e0e-c8b8-4628-9b22-821267493e0f', 101.04);
INSERT INTO public.transactions VALUES ('771444b8-e866-471d-94c6-8ba24a8d3c2d', 2, '2022-07-04 03:00:00', NULL, '2022-09-22 14:26:05.861', '2022-09-22 14:26:05.863', 'c050ea9e-2f8d-4ebd-bcc1-1d5742335bd0', '66224e0e-c8b8-4628-9b22-821267493e0f', 100.7);


--
-- TOC entry 3045 (class 0 OID 24747)
-- Dependencies: 201
-- Data for Name: users; Type: TABLE DATA; Schema: public; Owner: postgres
--

INSERT INTO public.users VALUES ('ae39530b-ed46-4c9b-aff2-8971195e3b5f', 'Jonas Vargaski', 'jonasvargaski@hotmail.com', 'ADMIN', '2022-09-08 22:37:23.554', '2022-09-08 22:37:23.555', '123');


--
-- TOC entry 3046 (class 0 OID 24757)
-- Dependencies: 202
-- Data for Name: wallets; Type: TABLE DATA; Schema: public; Owner: postgres
--

INSERT INTO public.wallets VALUES ('e2ba35c3-f6be-4205-ad76-9cd532601bfa', 'Jonas - NuInvest', '', '2022-09-08 22:39:49.727', '2022-09-08 22:39:49.728', 'ae39530b-ed46-4c9b-aff2-8971195e3b5f');
INSERT INTO public.wallets VALUES ('66224e0e-c8b8-4628-9b22-821267493e0f', 'Top carteiras SpaceMoney', 'Fundos de investimento imobiliário (FIIs) mais recomendados para o mês de setembro de 2022, com base em 18 carteiras de plataformas de investimentos e de casas de análise.', '2022-09-22 14:26:05.861', '2022-09-22 14:26:05.863', 'ae39530b-ed46-4c9b-aff2-8971195e3b5f');
INSERT INTO public.wallets VALUES ('020d1f46-f4bb-4722-b0f2-16d25f3dae25', 'Teste CRUD', 'descrição cruddd', '2022-09-26 20:20:57.901', '2022-09-26 20:39:18.394', 'ae39530b-ed46-4c9b-aff2-8971195e3b5f');


--
-- TOC entry 2892 (class 2606 OID 24736)
-- Name: _prisma_migrations _prisma_migrations_pkey; Type: CONSTRAINT; Schema: public; Owner: postgres
--

ALTER TABLE ONLY public._prisma_migrations
    ADD CONSTRAINT _prisma_migrations_pkey PRIMARY KEY (id);


--
-- TOC entry 2907 (class 2606 OID 45225)
-- Name: dataScraps dataScraps_pkey; Type: CONSTRAINT; Schema: public; Owner: postgres
--

ALTER TABLE ONLY public."dataScraps"
    ADD CONSTRAINT "dataScraps_pkey" PRIMARY KEY (id);


--
-- TOC entry 2899 (class 2606 OID 24774)
-- Name: funds funds_pkey; Type: CONSTRAINT; Schema: public; Owner: postgres
--

ALTER TABLE ONLY public.funds
    ADD CONSTRAINT funds_pkey PRIMARY KEY (id);


--
-- TOC entry 2904 (class 2606 OID 42565)
-- Name: radars radars_pkey; Type: CONSTRAINT; Schema: public; Owner: postgres
--

ALTER TABLE ONLY public.radars
    ADD CONSTRAINT radars_pkey PRIMARY KEY (id);


--
-- TOC entry 2902 (class 2606 OID 24783)
-- Name: transactions transactions_pkey; Type: CONSTRAINT; Schema: public; Owner: postgres
--

ALTER TABLE ONLY public.transactions
    ADD CONSTRAINT transactions_pkey PRIMARY KEY (id);


--
-- TOC entry 2895 (class 2606 OID 24756)
-- Name: users users_pkey; Type: CONSTRAINT; Schema: public; Owner: postgres
--

ALTER TABLE ONLY public.users
    ADD CONSTRAINT users_pkey PRIMARY KEY (id);


--
-- TOC entry 2897 (class 2606 OID 24765)
-- Name: wallets wallets_pkey; Type: CONSTRAINT; Schema: public; Owner: postgres
--

ALTER TABLE ONLY public.wallets
    ADD CONSTRAINT wallets_pkey PRIMARY KEY (id);


--
-- TOC entry 2905 (class 1259 OID 45767)
-- Name: dataScraps_fundId_key; Type: INDEX; Schema: public; Owner: postgres
--

CREATE UNIQUE INDEX "dataScraps_fundId_key" ON public."dataScraps" USING btree ("fundId");


--
-- TOC entry 2900 (class 1259 OID 24785)
-- Name: funds_ticker_key; Type: INDEX; Schema: public; Owner: postgres
--

CREATE UNIQUE INDEX funds_ticker_key ON public.funds USING btree (ticker);


--
-- TOC entry 2893 (class 1259 OID 24784)
-- Name: users_email_key; Type: INDEX; Schema: public; Owner: postgres
--

CREATE UNIQUE INDEX users_email_key ON public.users USING btree (email);


--
-- TOC entry 2913 (class 2606 OID 45226)
-- Name: dataScraps dataScraps_fundId_fkey; Type: FK CONSTRAINT; Schema: public; Owner: postgres
--

ALTER TABLE ONLY public."dataScraps"
    ADD CONSTRAINT "dataScraps_fundId_fkey" FOREIGN KEY ("fundId") REFERENCES public.funds(id) ON UPDATE CASCADE ON DELETE RESTRICT;


--
-- TOC entry 2911 (class 2606 OID 42566)
-- Name: radars radars_fundId_fkey; Type: FK CONSTRAINT; Schema: public; Owner: postgres
--

ALTER TABLE ONLY public.radars
    ADD CONSTRAINT "radars_fundId_fkey" FOREIGN KEY ("fundId") REFERENCES public.funds(id) ON UPDATE CASCADE ON DELETE RESTRICT;


--
-- TOC entry 2912 (class 2606 OID 42571)
-- Name: radars radars_userId_fkey; Type: FK CONSTRAINT; Schema: public; Owner: postgres
--

ALTER TABLE ONLY public.radars
    ADD CONSTRAINT "radars_userId_fkey" FOREIGN KEY ("userId") REFERENCES public.users(id) ON UPDATE CASCADE ON DELETE RESTRICT;


--
-- TOC entry 2909 (class 2606 OID 24791)
-- Name: transactions transactions_fundId_fkey; Type: FK CONSTRAINT; Schema: public; Owner: postgres
--

ALTER TABLE ONLY public.transactions
    ADD CONSTRAINT "transactions_fundId_fkey" FOREIGN KEY ("fundId") REFERENCES public.funds(id) ON UPDATE CASCADE ON DELETE RESTRICT;


--
-- TOC entry 2910 (class 2606 OID 24796)
-- Name: transactions transactions_walletId_fkey; Type: FK CONSTRAINT; Schema: public; Owner: postgres
--

ALTER TABLE ONLY public.transactions
    ADD CONSTRAINT "transactions_walletId_fkey" FOREIGN KEY ("walletId") REFERENCES public.wallets(id) ON UPDATE CASCADE ON DELETE RESTRICT;


--
-- TOC entry 2908 (class 2606 OID 25405)
-- Name: wallets wallets_userId_fkey; Type: FK CONSTRAINT; Schema: public; Owner: postgres
--

ALTER TABLE ONLY public.wallets
    ADD CONSTRAINT "wallets_userId_fkey" FOREIGN KEY ("userId") REFERENCES public.users(id) ON UPDATE CASCADE ON DELETE RESTRICT;


-- Completed on 2022-10-03 18:22:05

--
-- PostgreSQL database dump complete
--

